,Unnamed: 0,5,Unnamed: 0.1,PDB_CHAIN,WILD_RES,POSITION,MUTANT_RES,PH,TEMPERATURE,EXP_DDG,class,chain,predicted1,predicted2,predicted3,predicted4,predicted5
0,0,0,0,1AJ3,H,1,A,7.0,25.0,0.5,-1,A,-1,-1,-1,-1,-1
1,1,1,1,1AJ3,I,14,A,7.0,25.0,-3.6,1,A,-1,-1,-1,-1,-1
2,2,2,2,1AJ3,K,38,G,7.0,25.0,-0.5,1,A,-1,1,1,1,1
3,3,3,3,1AJ3,I,75,A,7.0,25.0,-2.0,1,A,-1,-1,-1,-1,-1
4,4,4,4,1AJ3,Q,77,G,7.0,25.0,-1.3,1,A,-1,-1,1,-1,-1
5,5,5,5,1AJ3,L,79,A,7.0,25.0,-2.8,1,A,-1,-1,-1,-1,-1
6,6,6,6,1AJ3,D,84,A,7.0,25.0,0.7,-1,A,1,1,1,1,1
7,7,7,7,1AJ3,K,87,G,7.0,25.0,-1.3,1,A,-1,-1,-1,-1,-1
8,8,8,8,1AJ3,L,89,A,7.0,25.0,-3.8,1,A,-1,-1,-1,-1,-1
9,9,9,9,1AKY,Q,46,E,7.7,25.0,-0.96,1,A,1,1,1,-1,-1
10,10,10,10,1APS,I,74,V,5.5,28.0,-1.41,1,A,-1,-1,-1,-1,-1
11,11,11,11,1BNI,R,57,A,6.3,25.0,0.64,-1,A,-1,-1,1,-1,-1
12,12,12,12,1BNI,I,74,T,6.3,25.0,-2.64,1,A,-1,-1,-1,-1,-1
13,13,13,13,1BTA,K,22,Q,8.0,25.0,-0.79,1,A,1,1,1,1,1
14,14,14,14,1BTA,K,60,E,8.0,25.0,-1.17,1,A,1,1,1,1,1
15,15,15,15,1BTA,R,75,L,8.0,25.0,0.75,-1,A,1,1,1,-1,-1
16,16,16,16,1BVC,H,24,V,7.0,0.0,-0.52,1,A,1,1,1,1,1
17,17,17,17,1BVC,H,48,Q,7.0,0.0,-0.62,1,A,-1,-1,-1,-1,1
18,18,18,18,1BVC,H,119,F,7.0,0.0,-0.68,1,A,1,1,1,-1,1
19,19,19,19,1C9O,E,50,K,7.0,75.0,-0.58,1,A,1,1,1,1,1
20,20,20,20,1C9O,R,56,E,7.0,75.0,0.69,-1,A,-1,-1,-1,1,1
21,21,21,21,1CEY,D,11,A,7.0,25.0,2.5,-1,A,1,1,1,1,1
22,22,22,22,1CEY,F,13,N,7.5,25.0,2.64,-1,A,-1,-1,-1,-1,-1
23,23,23,23,1CEY,D,56,A,7.0,25.0,3.3,-1,A,1,1,1,1,1
24,24,24,24,1CSE,V,54,A,7.0,25.0,-1.58,1,I,-1,-1,-1,-1,-1
25,25,25,25,1CSP,E,3,Q,7.5,55.0,1.14,-1,A,1,1,1,1,1
26,26,26,26,1CSP,S,48,R,7.0,70.0,1.58,-1,A,1,1,1,1,1
27,27,27,27,1CUN,Q,109,G,7.0,25.0,-1.15,1,A,-1,-1,-1,-1,-1
28,28,28,28,1CUN,A,120,G,7.0,25.0,-1.65,1,A,-1,-1,-1,-1,-1
29,29,29,29,1CUN,I,122,A,7.0,25.0,-1.65,1,A,-1,-1,-1,-1,-1
30,30,30,30,1CUN,I,122,V,7.0,25.0,-2.85,1,A,-1,-1,-1,-1,-1
31,31,31,31,1CUN,K,146,G,7.0,25.0,-1.45,1,A,-1,-1,-1,-1,-1
32,32,32,32,1CUN,A,150,G,7.0,25.0,-1.45,1,A,-1,-1,-1,-1,-1
33,33,33,33,1CUN,F,151,L,7.0,25.0,-1.85,1,A,-1,-1,-1,-1,-1
34,34,34,34,1CUN,A,167,G,7.0,25.0,-1.95,1,A,-1,-1,-1,-1,-1
35,35,35,35,1CUN,A,185,G,7.0,25.0,-1.35,1,A,-1,-1,-1,-1,-1
36,36,36,36,1CUN,M,187,A,7.0,25.0,-2.65,1,A,-1,-1,-1,-1,-1
37,37,37,37,1CUN,L,190,A,7.0,25.0,-4.55,1,A,-1,-1,-1,-1,-1
38,38,38,38,1CUN,S,195,G,7.0,25.0,-0.95,1,A,-1,1,-1,1,1
39,39,39,39,1CUN,L,197,A,7.0,25.0,-4.05,1,A,-1,-1,-1,-1,-1
40,40,40,40,1CUN,A,206,G,7.0,25.0,-1.45,1,A,-1,-1,-1,-1,-1
41,41,41,41,1CUN,L,208,A,7.0,25.0,-3.65,1,A,-1,-1,-1,-1,-1
42,42,42,42,1DKT,K,7,A,7.5,10.0,0.62,-1,A,-1,-1,-1,-1,-1
43,43,43,43,1DKT,S,35,A,7.5,10.0,-0.6,1,A,1,1,1,-1,1
44,44,44,44,1DKT,V,51,A,7.5,10.0,-0.73,1,A,-1,-1,-1,-1,-1
45,45,45,45,1DKT,R,67,A,7.5,10.0,-0.59,1,A,-1,-1,-1,-1,-1
46,46,46,46,1E65,I,7,S,7.3,26.5,-3.44,1,A,-1,-1,-1,-1,-1
47,47,47,47,1E65,I,20,T,7.0,25.0,-2.39,1,A,-1,-1,-1,-1,-1
48,48,48,48,1E65,V,31,T,7.0,25.0,-1.08,1,A,-1,-1,-1,-1,-1
49,49,49,49,1E65,V,60,G,7.0,25.0,-3.11,1,A,-1,-1,-1,-1,-1
50,50,50,50,1E65,A,82,G,7.0,25.0,-3.11,1,A,-1,-1,-1,-1,-1
51,51,51,51,1E65,V,95,T,7.0,25.0,0.96,-1,A,-1,-1,-1,-1,-1
52,52,52,52,1E65,H,117,G,7.0,20.0,-2.18,1,A,-1,-1,-1,-1,-1
53,53,53,53,1EY0,L,2,V,7.0,20.0,-1.15,1,A,1,1,1,-1,-1
54,54,54,54,1EY0,K,4,F,7.0,20.0,-1.03,1,A,1,1,1,1,1
55,55,55,55,1EY0,T,8,C,7.0,20.0,-1.2,1,A,1,1,1,1,1
56,56,56,56,1EY0,L,9,V,7.0,20.0,-1.63,1,A,1,1,1,-1,1
57,57,57,57,1EY0,D,14,F,7.0,20.0,-1.28,1,A,1,1,1,1,1
58,58,58,58,1EY0,D,16,K,7.0,20.0,1.1,-1,A,1,1,1,1,1
59,59,59,59,1EY0,T,17,I,7.0,20.0,-0.61,1,A,1,1,1,1,1
60,60,60,60,1EY0,Y,22,C,7.0,20.0,-2.72,1,A,-1,-1,-1,-1,-1
61,61,61,61,1EY0,G,24,V,7.0,20.0,-3.11,1,A,1,1,1,1,1
62,62,62,62,1EY0,T,28,C,7.0,20.0,-1.04,1,A,1,1,1,1,1
63,63,63,63,1EY0,L,31,V,7.0,20.0,-3.58,1,A,1,1,1,-1,1
64,64,64,64,1EY0,L,32,I,7.0,20.0,-1.82,1,A,1,-1,-1,-1,-1
65,65,65,65,1EY0,V,34,L,7.0,20.0,-0.9,1,A,-1,-1,-1,-1,-1
66,66,66,66,1EY0,T,36,I,7.0,20.0,0.86,-1,A,1,1,1,1,1
67,67,67,67,1EY0,G,50,V,7.0,20.0,-1.48,1,A,1,1,1,-1,-1
68,68,68,68,1EY0,K,58,Q,7.0,20.0,-0.89,1,A,-1,1,1,1,1
69,69,69,69,1EY0,M,60,F,7.0,20.0,-1.62,1,A,1,1,1,-1,1
70,70,70,70,1EY0,M,60,I,7.0,20.0,-1.43,1,A,1,1,1,-1,-1
71,71,71,71,1EY0,V,61,I,7.0,20.0,-0.76,1,A,1,1,1,-1,-1
72,72,72,72,1EY0,V,69,L,7.0,20.0,-1.12,1,A,-1,-1,-1,-1,-1
73,73,73,73,1EY0,D,72,K,7.0,20.0,-3.28,1,A,1,1,1,1,1
74,74,74,74,1EY0,T,77,I,7.0,20.0,0.51,-1,A,1,1,1,-1,1
75,75,75,75,1EY0,G,81,F,7.0,20.0,-1.99,1,A,1,-1,-1,-1,-1
76,76,76,76,1EY0,L,84,I,7.0,20.0,-1.04,1,A,1,1,1,-1,1
77,77,77,77,1EY0,I,87,M,7.0,20.0,-1.75,1,A,-1,-1,-1,-1,-1
78,78,78,78,1EY0,G,91,F,7.0,20.0,-2.55,1,A,1,1,1,1,1
79,79,79,79,1EY0,G,91,V,7.0,20.0,-3.74,1,A,1,1,1,1,1
80,80,80,80,1EY0,R,100,C,7.0,20.0,-2.55,1,A,-1,-1,-1,-1,-1
81,81,81,81,1EY0,L,103,V,7.0,20.0,-3.81,1,A,-1,-1,-1,-1,-1
82,82,82,82,1EY0,V,106,I,7.0,20.0,-0.74,1,A,1,-1,-1,-1,-1
83,83,83,83,1EY0,V,106,L,7.0,20.0,-0.88,1,A,-1,-1,-1,-1,-1
84,84,84,84,1EY0,L,120,I,7.0,20.0,-0.96,1,A,1,-1,-1,-1,-1
85,85,85,85,1EY0,L,132,V,7.0,20.0,-1.42,1,A,-1,-1,-1,-1,-1
86,86,86,86,1FTG,L,5,A,7.0,34.6,-3.11,1,A,-1,-1,-1,-1,-1
87,87,87,87,1FTG,E,71,K,7.0,37.8,1.41,-1,A,1,1,1,-1,-1
88,88,88,88,1FTG,D,74,K,7.0,37.8,1.03,-1,A,1,1,1,1,1
89,89,89,89,1FTG,A,83,G,7.0,34.6,-1.9,1,A,-1,-1,-1,1,1
90,90,90,90,1FTG,N,96,A,7.0,34.6,-0.58,1,A,-1,-1,-1,-1,-1
91,91,91,91,1FTG,Q,98,A,7.0,34.6,1.59,-1,A,-1,-1,-1,-1,-1
92,92,92,92,1FTG,S,109,A,7.0,34.6,-0.73,1,A,1,1,1,1,1
93,93,93,93,1FTG,D,125,K,7.0,37.8,0.81,-1,A,1,1,1,1,1
94,94,94,94,1FTG,I,155,V,7.0,34.6,-3.16,1,A,1,1,1,-1,-1
95,95,95,95,1FTG,V,159,A,7.0,34.6,-2.07,1,A,-1,-1,-1,-1,-1
96,96,96,96,1G4I,F,22,I,8.0,30.0,1.43,-1,A,-1,-1,-1,-1,-1
97,97,97,97,1G4I,F,22,Y,8.0,30.0,0.83,-1,A,-1,-1,-1,-1,-1
98,98,98,98,1G4I,H,48,A,8.0,30.0,-1.93,1,A,-1,-1,-1,-1,-1
99,99,99,99,1G4I,F,106,A,8.0,25.0,-1.23,1,A,-1,-1,-1,-1,-1
100,100,100,100,1H7M,D,2,A,7.4,25.0,-0.53,1,A,1,1,1,1,1
101,101,101,101,1H7M,K,46,A,7.4,25.0,-1.1,1,A,-1,1,1,-1,-1
102,102,102,102,1H7M,D,87,A,7.4,25.0,-1.36,1,A,1,1,1,1,1
103,103,103,103,1HFZ,I,60,W,7.4,56.2,-0.93,1,A,-1,-1,-1,-1,-1
104,104,104,104,1HFZ,H,108,W,7.4,56.2,-1.72,1,A,1,1,1,1,1
105,105,105,105,1HFZ,K,115,E,7.4,56.2,-0.65,1,A,1,1,1,1,1
106,106,106,106,1HMK,V,9,A,7.0,25.0,-0.83,1,A,-1,-1,-1,-1,-1
107,107,107,107,1HMK,L,13,A,7.0,25.0,-2.73,1,A,-1,-1,-1,-1,-1
108,108,108,108,1HMK,V,28,A,7.0,25.0,-1.24,1,A,-1,-1,-1,-1,-1
109,109,109,109,1HMK,T,30,V,7.0,25.0,2.26,-1,A,1,1,1,1,1
110,110,110,110,1HMK,I,56,V,7.0,25.0,-2.72,1,A,-1,-1,-1,-1,-1
111,111,111,111,1HMK,W,61,A,7.0,25.0,-2.01,1,A,-1,-1,-1,-1,-1
112,112,112,112,1HMK,I,90,V,7.0,25.0,-0.86,1,A,-1,-1,-1,-1,-1
113,113,113,113,1HMK,I,96,V,7.0,25.0,-1.72,1,A,1,1,1,-1,-1
114,114,114,114,1HMK,L,97,A,7.0,25.0,-1.75,1,A,-1,-1,-1,-1,-1
115,115,115,115,1HMK,Y,104,F,7.0,25.0,-2.13,1,A,-1,1,1,1,1
116,116,116,116,1HMS,F,4,S,8.0,37.0,-3.67,1,A,-1,-1,-1,-1,-1
117,117,117,117,1HMS,F,16,S,8.0,37.0,-3.98,1,A,-1,-1,-1,-1,-1
118,118,118,118,1HMS,T,40,E,8.0,25.0,-2.4,1,A,-1,-1,-1,-1,-1
119,119,119,119,1HMS,F,57,S,8.0,25.0,-2.43,1,A,-1,-1,-1,-1,-1
120,120,120,120,1HMS,L,66,G,8.0,37.0,-3.67,1,A,-1,-1,-1,-1,-1
121,121,121,121,1HMS,R,106,T,8.0,25.0,-2.84,1,A,-1,-1,-1,-1,-1
122,122,122,122,1IFC,W,7,Y,7.0,25.0,-0.87,1,A,-1,-1,-1,-1,-1
123,123,123,123,1IFC,V,61,N,7.0,25.0,-0.83,1,A,-1,-1,-1,1,1
124,124,124,124,1IFC,L,65,G,7.4,20.0,-2.26,1,A,-1,-1,-1,1,1
125,125,125,125,1IFC,G,66,A,7.4,20.0,-0.94,1,A,-1,-1,-1,-1,-1
126,126,126,126,1IFC,F,94,A,7.0,25.0,-2.37,1,A,-1,-1,-1,-1,-1
127,127,127,127,1IGV,Y,13,F,7.1,25.0,-1.08,1,A,1,1,1,1,1
128,128,128,128,1IGV,F,66,W,7.0,25.0,-0.93,1,A,-1,-1,-1,-1,-1
129,129,129,129,1IHB,F,33,H,7.5,25.0,-0.66,1,A,-1,-1,-1,-1,-1
130,130,130,130,1IMQ,V,19,L,6.0,10.0,-1.82,1,A,-1,-1,-1,-1,-1
131,131,131,131,1IMQ,E,31,L,6.0,10.0,-0.67,1,A,1,1,1,1,1
132,132,132,132,1IMQ,E,41,V,6.0,10.0,0.89,-1,A,1,1,1,1,1
133,133,133,133,1IRO,I,33,L,9.1,107.0,0.76,-1,A,-1,-1,-1,-1,-1
134,134,134,134,1JIW,D,10,A,7.1,25.0,-0.7,1,I,1,1,1,1,1
135,135,135,135,1JIW,W,15,F,7.1,25.0,-2.3,1,I,-1,-1,-1,-1,-1
136,136,136,136,1LNI,V,43,T,7.0,48.4,-0.5,1,A,-1,-1,-1,-1,-1
137,137,137,137,1LNI,Y,55,F,7.0,25.0,-0.6,1,A,1,1,1,1,1
138,138,138,138,1LNI,T,56,V,7.0,48.4,-1.9,1,A,1,1,1,1,1
139,139,139,139,1LNI,D,79,F,6.8,49.1,2.73,-1,A,1,1,1,1,1
140,140,140,140,1LNI,D,79,I,7.0,52.6,2.85,-1,A,1,1,1,1,1
141,141,141,141,1LNI,D,79,K,7.0,52.6,2.35,-1,A,1,1,1,1,1
142,142,142,142,1LNI,D,79,L,7.0,52.6,2.65,-1,A,1,1,1,1,1
143,143,143,143,1LNI,D,79,N,6.8,49.1,1.46,-1,A,1,1,1,1,1
144,144,144,144,1LNI,D,79,Y,7.0,52.6,2.9,-1,A,1,1,1,1,1
145,145,145,145,1LNI,Y,80,F,7.0,25.0,-1.5,1,A,1,1,1,1,1
146,146,146,146,1LNI,Q,94,K,6.8,47.5,0.56,-1,A,1,1,1,1,1
147,147,147,147,1LZ1,G,105,A,2.7,64.9,-0.62,1,A,-1,-1,-1,-1,-1
148,148,148,148,1MGR,Y,52,F,7.0,25.0,-2.6,1,A,1,1,1,-1,1
149,149,149,149,1MGR,Y,82,F,7.0,25.0,-1.0,1,A,1,1,1,1,1
150,150,150,150,1MJC,F,19,S,7.0,25.0,-1.16,1,A,-1,-1,-1,1,-1
151,151,151,151,1MJC,F,30,S,7.0,25.0,-1.03,1,A,-1,-1,-1,-1,-1
152,152,152,152,1MSI,R,48,A,7.0,25.0,-0.74,1,A,-1,-1,-1,-1,-1
153,153,153,153,1OIA,Y,86,T,7.0,22.0,-2.9,1,A,-1,-1,-1,-1,-1
154,154,154,154,1P2P,H,48,K,7.0,20.0,-2.12,1,A,1,1,1,1,1
155,155,155,155,1QLP,A,9,L,6.5,25.0,0.9,-1,A,-1,-1,-1,-1,-1
156,156,156,156,1QLP,A,48,G,6.5,25.0,1.6,-1,A,-1,-1,-1,-1,-1
157,157,157,157,1QLP,Y,138,W,7.8,25.0,1.18,-1,A,-1,1,1,1,1
158,158,158,158,1QLP,A,161,I,6.5,25.0,1.8,-1,A,1,1,1,-1,-1
159,159,159,159,1QLP,A,161,V,6.5,25.0,3.8,-1,A,1,1,1,-1,-1
160,160,160,160,1QLP,W,216,F,7.8,25.0,0.98,-1,A,-1,-1,-1,-1,-1
161,161,161,161,1QLP,A,226,F,6.5,25.0,1.8,-1,A,-1,-1,-1,-1,1
162,162,162,162,1QLP,A,226,I,6.5,25.0,2.2,-1,A,1,1,1,1,1
163,163,163,163,1QLP,A,226,V,6.5,25.0,2.3,-1,A,1,1,1,1,1
164,164,164,164,1QLP,A,262,V,6.5,25.0,0.8,-1,A,1,1,1,1,1
165,165,165,165,1QLP,V,299,I,6.5,25.0,0.6,-1,A,-1,-1,-1,-1,-1
166,166,166,166,1QLP,S,308,R,7.8,25.0,-2.44,1,A,1,1,-1,1,1
167,167,167,167,1QLP,K,309,F,7.8,25.0,1.75,-1,A,1,1,1,1,1
168,168,168,168,1QLP,M,352,I,6.5,25.0,2.3,-1,A,1,1,1,1,1
169,169,169,169,1QLP,S,359,A,6.5,25.0,1.0,-1,A,1,1,1,-1,-1
170,170,170,170,1RIS,I,8,A,8.0,25.0,-3.56,1,A,-1,-1,-1,-1,-1
171,171,171,171,1RIS,F,60,A,8.0,25.0,-0.81,1,A,-1,-1,-1,-1,-1
172,172,172,172,1RIS,L,75,A,8.0,25.0,-1.35,1,A,-1,-1,-1,-1,-1
173,173,173,173,1RIS,L,79,A,8.0,25.0,-3.91,1,A,-1,-1,-1,-1,-1
174,174,174,174,1RN1,V,16,T,7.0,25.0,-3.65,1,C,-1,-1,-1,-1,-1
175,175,175,175,1RN1,G,23,A,7.4,25.0,-1.2,1,C,-1,1,-1,-1,-1
176,176,176,176,1RN1,D,49,A,6.3,37.3,0.5,-1,C,1,1,1,1,1
177,177,177,177,1RN1,V,78,S,7.0,25.0,-4.73,1,C,-1,-1,-1,-1,-1
178,178,178,178,1RN1,V,78,T,7.0,25.0,-3.59,1,C,-1,-1,-1,-1,-1
179,179,179,179,1RTB,F,46,V,6.0,24.9,-4.55,1,A,-1,-1,-1,-1,-1
180,180,180,180,1RTB,V,57,A,5.0,40.0,-2.85,1,A,-1,-1,-1,-1,-1
181,181,181,181,1RTB,V,57,L,5.0,40.0,-2.37,1,A,-1,-1,-1,-1,-1
182,182,182,182,1RTB,V,63,A,5.0,40.0,-2.03,1,A,-1,-1,-1,-1,-1
183,183,183,183,1SHF,E,24,F,8.0,25.0,-1.63,1,A,1,1,1,-1,-1
184,184,184,184,1SHF,E,24,H,8.0,25.0,-0.99,1,A,1,1,1,1,1
185,185,185,185,1SHF,E,24,K,8.0,25.0,-0.97,1,A,1,1,1,1,1
186,186,186,186,1SHF,E,24,L,8.0,25.0,-3.02,1,A,1,1,1,-1,-1
187,187,187,187,1SHF,E,24,Y,8.0,25.0,-2.4,1,A,1,1,1,-1,-1
188,188,188,188,1SHF,I,28,A,7.0,25.0,-2.84,1,A,-1,-1,-1,-1,-1
189,189,189,189,1SHF,I,28,L,7.0,25.0,-0.71,1,A,-1,-1,-1,-1,-1
190,190,190,190,1SHF,S,41,D,8.0,25.0,-2.02,1,A,-1,-1,-1,-1,-1
191,191,191,191,1SHF,S,41,F,8.0,25.0,-1.9,1,A,1,1,1,1,1
192,192,192,192,1SHF,S,41,G,8.0,25.0,-1.68,1,A,1,1,1,1,1
193,193,193,193,1SHF,S,41,H,8.0,25.0,-1.25,1,A,-1,-1,-1,-1,-1
194,194,194,194,1SHF,S,41,N,8.0,25.0,-0.73,1,A,-1,-1,-1,-1,-1
195,195,195,195,1SHF,G,45,A,8.0,25.0,-1.78,1,A,1,1,1,-1,1
196,196,196,196,1SHF,V,55,M,7.0,25.0,-0.52,1,A,-1,-1,-1,-1,-1
197,197,197,197,1TTQ,F,22,L,7.8,25.0,-1.05,1,A,-1,-1,-1,-1,-1
198,198,198,198,1TTQ,F,22,V,7.8,25.0,-3.44,1,A,-1,-1,-1,-1,-1
199,199,199,199,1UZC,E,25,A,5.7,9.9,-0.62,1,A,1,1,1,1,1
200,200,200,200,1UZC,Q,36,G,5.7,9.9,-1.57,1,A,-1,-1,-1,-1,-1
201,201,201,201,1UZC,A,59,G,5.7,9.9,-2.07,1,A,-1,-1,-1,-1,-1
202,202,202,202,1YYJ,L,3,A,5.0,25.0,-1.6,1,A,-1,-1,-1,-1,-1
203,203,203,203,1YYJ,A,20,G,5.0,25.0,-1.97,1,A,-1,-1,-1,-1,-1
204,204,204,204,1YYJ,F,61,A,5.0,25.0,-4.52,1,A,-1,-1,-1,-1,-1
205,205,205,205,1YYJ,F,65,A,5.0,25.0,-1.92,1,A,-,-1,-1,-1,-1
206,206,206,206,1ZNJ,H,10,E,8.0,25.0,1.11,-1,B,-1,1,1,1,1
207,207,207,207,2A01,L,141,R,7.4,25.0,-0.65,1,A,1,1,1,-1,-1
208,208,208,208,2A36,T,22,F,6.0,25.0,1.3,-1,A,1,1,1,1,1
209,209,209,209,2A36,T,22,L,6.0,25.0,0.5,-1,A,1,1,1,1,1
210,210,210,210,2A36,T,22,N,6.0,25.0,1.3,-1,A,-1,-1,-1,1,-1
211,211,211,211,2DRI,V,50,E,7.7,25.0,-3.5,1,A,-1,-1,-1,-1,-1
212,212,212,212,2IMM,A,15,L,7.4,20.0,1.36,-1,A,1,1,1,-1,-1
213,213,213,213,2LZM,G,51,D,7.0,22.0,-2.63,1,A,-1,-1,-1,-1,-1
214,214,214,214,2LZM,I,58,Y,7.0,22.0,-3.11,1,A,-1,-1,-1,-1,-1
215,215,215,215,2LZM,A,146,I,7.0,22.0,-4.31,1,A,1,1,1,-1,-1
216,216,216,216,2LZM,F,153,C,7.0,22.0,-3.11,1,A,-1,-1,-1,-1,-1
217,217,217,217,2NVH,R,4,Q,6.5,25.0,-0.57,1,A,-1,-1,-1,-1,-1
218,218,218,218,2NVH,C,8,S,6.5,25.0,-3.74,1,A,-1,-1,-1,-1,-1
219,219,219,219,2TRX,D,26,I,7.0,25.0,3.37,-1,A,1,1,1,1,1
220,220,220,220,2TRX,T,66,L,7.0,25.0,-1.03,1,A,1,1,1,1,1
221,221,221,221,3GLY,G,138,A,4.5,30.0,-1.4,1,A,-1,1,1,-1,1
222,222,222,222,3MBP,W,10,A,7.6,25.0,-4.31,1,A,-1,-1,-1,-1,-1
223,223,223,223,3PGK,Y,49,W,7.5,25.0,-1.62,1,A,1,1,1,1,1
224,224,224,224,3PGK,Y,123,W,7.5,25.0,-2.19,1,A,1,-1,-1,1,1
225,225,225,225,3PGK,F,195,W,7.5,25.0,-1.12,1,A,-1,-1,-1,-1,-1
226,226,226,226,3PGK,H,389,Q,6.5,25.0,-0.84,1,A,-1,-1,-1,-1,-1
227,227,227,227,3SIL,A,50,L,7.0,25.0,0.9,-1,A,1,1,1,1,1
228,228,228,228,4LYZ,E,35,A,4.6,35.0,1.24,-1,A,1,1,1,1,1
229,229,229,229,5DFR,I,2,V,7.8,15.0,-0.55,1,A,-1,-1,-1,-1,-1
230,230,230,230,5DFR,W,30,M,7.8,15.0,-1.94,1,A,-1,-1,-1,-1,-1
231,231,231,231,5DFR,V,40,H,7.8,15.0,-2.76,1,A,-1,-1,-1,-1,-1
232,232,232,232,5DFR,N,59,W,7.8,15.0,-0.79,1,A,1,1,1,1,1
233,233,233,233,5DFR,G,67,T,7.0,15.0,-0.62,1,A,-1,-1,-1,-1,-1
234,234,234,234,5DFR,G,95,A,7.8,15.0,-0.9,1,A,-1,-1,-1,-1,-1
235,235,235,235,5DFR,G,121,H,7.0,15.0,-0.56,1,A,-1,-1,-1,-1,-1
236,236,236,236,5PTI,A,16,T,8.7,25.0,-1.7,1,A,-1,-1,-1,-1,-1
237,237,237,237,5PTI,A,16,V,8.7,25.0,-1.3,1,A,1,1,1,-1,-1
238,238,238,238,5PTI,Y,35,D,8.7,25.0,-3.8,1,A,-1,-1,-1,-1,-1
