correlation,conservation,polaritychange,asa,class
0,4,-1,10,1
0,4,0,10,1
0,4,0,11,1
0,4,0,10,-1
0,4,0,11,-1
0,4,0,11,1
0,4,0,10,1
0,4,0,10,1
0,4,0,11,-1
0,0,-1,10,-1
0,0,1,10,-1
0,0,1,11,-1
0,0,0,10,-1
0,4,0,11,-1
0,4,0,10,-1
0,4,0,10,-1
1,4,0,11,1
0,4,0,12,1
0,4,0,12,-1
1,3,0,11,-1
1,3,0,11,-1
1,3,-1,10,-1
1,3,-1,11,-1
1,3,-1,11,-1
1,3,0,11,-1
1,3,0,11,-1
1,3,-1,11,-1
1,3,0,11,-1
0,4,0,10,-1
1,3,0,12,-1
0,4,1,10,-1
0,4,0,10,-1
1,3,0,12,-1
1,1,-1,11,1
1,1,-1,12,-1
1,2,0,12,-1
1,2,-1,12,-1
1,1,-1,12,-1
1,1,0,12,-1
1,1,0,12,-1
1,1,0,12,-1
1,1,0,12,-1
1,1,0,12,-1
1,1,0,12,-1
1,1,-1,12,1
0,4,0,10,-1
0,4,0,10,-1
0,4,0,10,-1
0,4,-1,10,-1
0,4,0,10,-1
0,4,0,10,-1
0,4,-1,12,-1
1,2,-1,12,-1
1,2,-1,12,-1
1,2,0,12,-1
1,1,-1,12,-1
1,3,1,12,-1
1,3,1,12,-1
1,3,0,12,-1
1,3,1,12,-1
1,3,1,12,-1
1,3,0,12,-1
1,3,1,12,-1
1,3,0,12,-1
1,3,0,12,-1
1,3,0,12,-1
1,3,0,12,-1
1,3,0,12,-1
0,4,1,12,-1
0,4,0,11,-1
0,4,1,11,-1
0,4,1,11,-1
0,4,1,11,-1
0,4,1,11,-1
1,3,0,11,-1
1,3,1,11,-1
0,4,0,11,-1
0,4,0,10,-1
0,4,0,10,-1
0,4,-1,11,-1
1,2,0,12,-1
1,2,1,12,-1
0,4,0,10,1
1,2,0,12,-1
1,0,1,12,1
0,4,0,10,-1
0,4,0,10,-1
0,4,-1,10,-1
0,4,0,10,-1
0,4,0,10,-1
0,4,0,10,-1
0,4,-1,11,-1
0,4,-1,10,-1
0,4,0,10,-1
0,3,-1,11,-1
0,3,0,10,-1
0,3,1,10,-1
0,4,-1,10,-1
1,1,0,12,1
1,2,0,12,-1
1,2,0,12,-1
0,2,-1,12,-1
1,4,0,11,-1
0,4,0,10,-1
0,4,0,12,-1
0,4,-1,10,-1
1,3,-1,11,-1
1,4,0,11,-1
0,3,0,12,-1
1,1,0,11,-1
0,3,0,12,-1
0,4,0,10,-1
0,4,-1,10,-1
1,2,-1,11,-1
0,4,-1,10,-1
0,4,0,10,-1
0,4,0,11,-1
0,2,-1,12,-1
0,4,-1,10,-1
0,4,-1,10,-1
0,4,-1,10,-1
1,4,0,10,-1
1,2,-1,10,-1
0,1,-1,12,-1
0,4,0,10,-1
0,4,-1,12,1
0,4,-1,12,-1
0,4,0,10,-1
0,4,-1,11,-1
0,4,-1,11,-1
0,4,1,10,-1
0,4,1,10,-1
1,4,0,10,-1
0,4,0,11,-1
1,4,0,11,-1
0,4,1,10,-1
0,4,0,10,-1
0,4,0,10,1
1,4,0,10,1
1,0,0,10,1
1,4,0,10,1
0,4,0,10,1
0,3,-1,10,-1
0,3,0,12,-1
0,3,0,12,-1
1,4,0,11,-1
0,4,0,12,-1
0,4,0,12,-1
0,4,0,11,-1
0,4,0,11,-1
0,4,1,10,-1
0,4,0,10,-1
0,4,0,12,-1
0,4,0,12,-1
0,4,0,12,-1
0,4,0,12,-1
0,4,0,11,-1
0,4,0,12,1
0,4,0,12,-1
0,4,0,12,1
0,4,0,12,1
0,3,0,12,1
0,4,0,12,-1
0,4,0,12,-1
0,4,1,11,-1
0,4,0,11,-1
0,4,0,10,-1
0,2,1,10,-1
0,4,1,10,-1
0,1,0,10,1
1,4,0,10,-1
1,4,0,10,-1
0,4,0,10,-1
1,4,0,10,-1
1,4,0,10,-1
1,4,0,10,-1
1,4,0,10,-1
0,4,0,10,-1
0,3,0,12,-1
1,3,-1,10,1
1,3,-1,10,1
0,4,1,10,-1
0,4,0,10,-1
1,2,-1,10,-1
1,2,0,10,-1
1,2,-1,10,-1
0,4,-1,11,1
0,4,1,11,1
0,4,1,11,1
0,3,0,10,-1
0,4,0,10,1
0,4,0,10,1
0,4,-1,11,-1
0,4,-1,10,-1
0,4,-1,10,-1
0,0,-1,10,-1
0,4,-1,10,-1
0,4,0,12,-1
0,4,1,12,-1
0,4,1,12,-1
0,4,0,11,-1
0,4,1,11,-1
0,4,0,11,-1
0,4,-1,12,1
0,4,0,12,1
0,4,-1,12,1
0,4,-1,12,1
0,4,-1,12,1
0,4,-1,12,-1
0,4,-1,12,1
0,4,0,12,-1
0,4,0,12,-1
0,4,-1,12,-1
0,4,0,12,-1
0,4,-1,12,-1
0,4,0,12,-1
0,4,0,12,-1
0,4,0,12,-1
0,4,0,11,-1
0,4,0,11,-1
0,4,0,11,-1
0,4,0,10,-1
0,4,1,10,-1
0,4,1,10,-1
0,4,-1,11,-1
0,3,0,11,-1
1,4,-1,12,-1
1,4,-1,12,-1
1,4,-1,12,1
1,4,-1,12,-1
0,4,-1,10,-1
1,4,-1,10,1
1,4,-1,10,1
1,4,0,10,1
1,4,0,10,1
1,4,0,10,1
1,4,0,10,1
1,4,0,10,1
1,4,0,10,1
1,4,-1,10,1
0,4,0,10,1
0,4,-1,10,-1
0,4,0,10,-1
0,0,1,10,-1
0,4,0,12,-1
0,0,0,12,1
0,4,-1,10,-1
0,4,0,10,-1
0,4,0,10,-1
0,4,0,10,-1
1,4,0,12,-1
0,3,1,10,-1
0,4,-1,10,-1
0,4,-1,10,-1
0,4,0,10,-1
0,4,-1,10,-1
0,4,-1,10,-1
0,4,-1,11,-1
0,4,-1,10,-1
0,4,0,10,1
0,4,-1,10,1
0,4,0,10,1
0,4,-1,10,1
0,4,0,10,1
0,4,-1,10,1
0,4,0,10,1
0,4,0,10,1
0,4,-1,10,1
0,4,-1,10,1
0,4,-1,10,-1
0,0,-1,10,-1
0,0,-1,10,-1
0,0,0,11,1
1,2,-1,11,-1
1,2,-1,11,1
1,2,0,12,-1
1,2,0,12,-1
1,2,1,12,-1
1,2,0,12,-1
1,2,1,12,-1
1,2,1,12,-1
1,4,-1,10,1
1,3,-1,10,-1
1,3,-1,12,-1
1,4,-1,10,-1
1,0,-1,10,-1
0,4,-1,12,1
0,4,0,12,1
0,4,0,12,1
0,4,0,12,1
0,4,0,12,1
0,4,0,12,1
0,4,-1,12,1
0,4,0,12,1
0,4,-1,12,-1
0,4,0,10,-1
0,4,0,10,-1
0,2,1,11,-1
1,4,1,11,-1
0,4,0,10,-1
0,4,0,10,-1
0,4,0,10,-1
0,4,0,10,-1
0,4,0,10,-1
1,4,0,10,-1
1,4,0,10,-1
1,4,0,10,-1
0,4,0,10,-1
0,4,0,10,-1
0,4,0,10,-1
0,4,0,10,-1
1,3,0,10,-1
1,3,0,10,-1
0,1,0,12,-1
0,4,0,10,-1
0,4,0,10,-1
0,4,0,10,-1
0,4,0,12,-1
0,4,1,12,-1
0,4,0,12,-1
1,4,-1,10,-1
1,4,-1,10,-1
0,4,0,10,-1
0,4,0,10,-1
0,4,0,10,-1
0,4,0,10,-1
0,4,0,10,-1
0,4,0,10,-1
0,4,0,10,-1
0,4,0,10,-1
0,4,0,12,-1
0,4,0,12,-1
0,4,0,10,-1
0,4,0,10,-1
0,4,0,10,-1
0,4,-1,10,-1
0,4,1,12,1
0,4,1,10,-1
0,4,1,10,-1
0,4,0,10,-1
0,4,1,10,-1
0,4,1,10,-1
0,0,0,11,-1
0,0,0,11,-1
0,0,0,11,-1
0,4,0,11,-1
0,4,0,10,-1
0,4,0,10,-1
0,4,0,11,-1
0,4,0,10,-1
0,4,0,10,-1
0,4,0,10,-1
0,4,0,11,-1
0,4,0,11,-1
0,4,0,11,-1
0,4,-1,10,-1
0,4,0,10,1
0,4,0,10,-1
0,4,0,10,-1
0,4,-1,10,-1
0,0,-1,10,-1
0,0,-1,10,-1
0,0,0,10,1
0,0,0,10,-1
0,0,1,10,-1
0,0,0,10,-1
0,0,-1,12,-1
0,0,-1,12,-1
0,0,0,10,-1
0,0,0,10,-1
0,0,1,11,-1
0,0,0,11,-1
1,0,0,11,1
0,4,-1,10,1
1,0,1,11,1
1,0,1,11,-1
1,0,0,11,1
1,0,0,10,-1
1,0,0,10,-1
1,0,1,10,-1
1,2,0,10,-1
1,2,0,10,-1
1,2,0,10,-1
1,2,1,10,-1
1,0,0,11,-1
1,0,-1,11,-1
1,4,0,11,-1
1,4,0,11,-1
1,4,0,11,-1
1,4,0,11,-1
1,0,-1,12,-1
1,3,0,11,-1
1,3,1,11,-1
1,0,0,10,-1
1,0,0,10,-1
1,0,1,10,-1
1,1,0,10,-1
1,1,0,10,-1
1,1,0,10,-1
1,4,0,10,-1
1,4,0,10,-1
1,4,0,10,-1
1,4,1,10,-1
1,4,0,10,-1
1,1,0,10,-1
1,3,-1,10,1
1,1,0,10,-1
1,1,1,10,-1
1,4,-1,10,-1
1,4,0,10,-1
1,2,0,10,-1
1,2,0,10,-1
1,0,0,11,-1
1,3,0,11,-1
1,3,0,11,-1
1,3,1,11,-1
1,0,0,11,1
1,0,0,11,1
1,0,0,11,-1
1,0,0,11,-1
1,0,0,10,-1
1,0,1,10,-1
1,0,0,10,-1
0,0,0,10,-1
0,0,-1,10,-1
0,4,-1,10,1
0,4,-1,10,1
0,4,-1,10,1
0,4,-1,10,1
0,4,-1,10,-1
0,4,0,10,1
0,4,0,10,1
0,0,-1,12,-1
0,0,1,11,-1
0,0,0,11,-1
1,4,0,10,-1
0,4,0,10,-1
0,4,0,10,-1
0,4,0,10,-1
1,4,0,10,-1
1,4,0,12,-1
1,4,0,11,-1
1,4,-1,11,-1
1,4,0,11,-1
0,4,0,11,-1
0,4,-1,11,-1
0,4,0,11,-1
0,4,0,11,-1
0,4,-1,10,-1
0,4,0,10,-1
0,4,-1,11,-1
0,4,0,11,-1
0,4,-1,11,-1
1,4,-1,10,-1
0,4,0,10,-1
1,4,0,10,-1
0,4,0,10,-1
0,0,0,10,-1
0,0,1,10,-1
1,2,0,10,-1
1,0,0,11,-1
0,4,-1,11,-1
0,4,-1,11,-1
1,4,-1,11,-1
0,4,0,11,-1
0,4,0,11,-1
1,4,0,12,-1
1,4,0,12,-1
1,4,-1,11,-1
1,3,-1,12,-1
1,4,0,11,-1
1,4,0,11,-1
1,2,-1,12,-1
0,4,-1,11,-1
1,3,-1,10,-1
1,4,0,10,-1
1,2,0,10,-1
1,2,1,10,-1
1,2,0,10,-1
1,3,0,10,-1
1,3,0,10,-1
1,3,0,10,-1
1,3,0,10,-1
1,2,0,11,-1
0,4,-1,12,-1
1,4,-1,10,-1
1,2,-1,11,-1
0,4,0,10,-1
1,2,0,10,-1
1,4,0,10,-1
1,4,0,10,-1
1,4,0,10,-1
0,4,-1,10,-1
1,1,0,10,-1
1,1,-1,10,-1
1,2,0,10,-1
1,4,0,10,-1
1,2,0,10,-1
1,2,0,10,-1
0,4,0,10,-1
1,3,1,10,-1
1,3,0,10,-1
0,4,0,11,1
0,4,0,10,-1
0,4,0,10,-1
0,4,0,10,-1
0,4,0,11,1
0,4,0,11,1
0,4,0,12,1
0,4,0,10,1
0,4,0,10,-1
0,4,0,10,-1
0,4,0,10,-1
0,4,0,11,-1
0,4,1,10,-1
0,4,1,10,-1
0,4,1,10,-1
0,4,-1,11,-1
0,4,-1,11,-1
0,4,0,10,-1
0,4,-1,12,-1
0,4,1,11,-1
0,4,0,10,-1
0,4,1,10,-1
0,4,0,10,-1
0,4,0,11,-1
0,4,-1,11,-1
0,4,-1,11,-1
0,4,-1,11,-1
0,4,0,10,-1
0,4,0,10,-1
0,4,-1,11,-1
0,4,0,10,-1
0,4,1,10,-1
0,4,0,10,-1
0,4,0,10,-1
0,4,0,10,-1
0,4,0,10,-1
0,4,1,10,-1
0,4,0,10,-1
0,4,0,10,-1
0,4,0,10,-1
0,4,0,11,-1
0,4,0,10,-1
0,4,1,10,-1
0,4,0,10,-1
0,4,0,10,-1
0,4,0,10,-1
0,4,0,10,-1
0,4,0,10,-1
0,4,-1,10,-1
0,4,1,10,-1
0,4,0,10,-1
0,4,0,10,-1
0,4,0,10,-1
0,4,0,10,-1
0,4,-1,11,-1
0,4,0,11,-1
0,4,0,11,1
0,4,1,11,-1
0,4,-1,11,1
0,4,0,12,1
0,4,0,10,-1
0,4,0,10,-1
0,4,0,10,-1
0,4,-1,10,1
0,4,0,10,-1
0,4,0,10,-1
0,4,0,10,-1
0,4,0,10,1
0,4,1,10,-1
0,4,0,10,-1
0,4,0,10,-1
0,4,0,10,-1
0,4,1,10,-1
0,4,1,10,-1
0,4,0,12,1
0,4,1,10,-1
0,4,0,10,-1
0,4,1,10,-1
0,4,-1,10,-1
0,4,-1,10,-1
0,4,0,10,-1
0,4,0,10,-1
0,4,0,10,-1
0,4,0,11,-1
0,0,0,11,-1
0,4,-1,10,-1
0,4,-1,10,-1
0,4,-1,10,-1
0,4,0,10,-1
0,4,0,11,-1
0,4,0,11,-1
0,4,0,11,-1
0,4,-1,11,-1
0,4,0,10,-1
0,4,0,12,-1
0,0,0,10,-1
0,0,0,11,-1
0,0,-1,11,1
0,4,0,10,-1
0,4,0,10,-1
0,4,0,10,-1
0,4,0,10,-1
0,4,0,10,-1
0,4,0,10,-1
1,0,1,12,1
1,0,1,12,1
1,0,0,12,-1
1,0,0,12,-1
1,0,0,12,-1
0,0,0,10,-1
0,0,0,10,-1
0,0,0,10,-1
0,0,0,10,-1
1,4,0,12,-1
0,2,1,11,-1
1,4,1,12,-1
0,4,0,10,-1
0,2,0,11,1
1,2,1,10,-1
1,4,-1,11,1
0,1,-1,12,1
0,1,0,12,1
0,1,0,12,1
0,1,-1,12,1
1,0,0,12,-1
1,0,0,11,-1
1,0,0,10,-1
1,0,0,11,-1
1,0,0,10,-1
0,4,0,12,-1
0,4,0,10,-1
0,4,0,10,-1
0,4,0,10,-1
0,4,-1,10,-1
0,4,0,10,-1
0,4,0,10,-1
0,4,0,10,-1
0,0,-1,12,-1
0,0,1,10,1
0,0,0,11,-1
0,0,0,10,1
1,3,-1,12,-1
1,3,-1,12,-1
1,3,-1,12,-1
1,3,0,10,-1
1,0,-1,12,-1
0,4,0,10,-1
0,4,0,10,-1
0,4,0,10,-1
0,4,0,10,-1
0,4,-1,10,-1
0,3,0,10,-1
0,3,0,10,-1
1,2,-1,11,-1
0,4,0,10,-1
1,3,-1,12,1
1,3,-1,12,-1
0,4,-1,10,-1
1,2,-1,12,-1
1,3,-1,11,-1
0,4,-1,10,-1
0,3,0,10,-1
0,4,0,11,-1
0,4,0,10,-1
0,4,-1,10,-1
0,4,0,10,-1
0,4,0,10,-1
0,2,0,10,-1
0,2,0,10,-1
0,2,0,10,-1
0,4,0,10,-1
0,4,0,10,-1
0,4,0,10,-1
0,4,0,10,-1
0,3,-1,11,-1
0,2,0,11,1
0,4,0,10,-1
0,4,0,12,1
0,4,0,10,-1
0,4,0,10,-1
0,4,0,10,-1
0,4,0,10,-1
0,4,0,11,1
0,4,0,10,-1
0,4,0,10,-1
0,4,0,10,-1
0,4,0,10,-1
0,3,0,10,-1
0,3,0,10,1
0,4,0,11,-1
0,4,0,10,1
0,4,1,10,-1
0,4,0,11,-1
0,3,0,10,-1
0,4,1,10,-1
0,0,-1,12,-1
0,0,0,12,-1
0,0,-1,12,-1
0,4,0,11,-1
0,3,0,11,-1
0,4,0,11,-1
0,4,0,12,1
0,3,1,12,-1
0,4,0,10,-1
1,0,0,10,-1
0,0,0,12,1
0,0,-1,12,1
0,0,-1,12,1
1,4,0,11,1
0,4,0,11,-1
0,4,0,11,-1
0,4,0,11,-1
0,0,1,11,-1
0,0,0,11,1
0,3,0,11,1
0,3,0,11,1
0,1,0,11,1
0,4,-1,12,1
0,4,0,10,-1
0,4,1,11,-1
0,4,1,11,-1
0,4,1,11,-1
0,4,1,12,-1
0,4,1,12,-1
0,4,1,12,-1
0,4,1,12,-1
0,4,0,10,1
0,4,0,10,-1
0,4,1,10,-1
0,4,-1,10,-1
0,4,-1,10,-1
0,4,0,10,1
0,4,0,10,-1
0,4,0,10,-1
0,4,1,10,-1
0,4,0,12,1
0,4,0,10,1
0,4,0,10,1
0,4,0,10,-1
0,4,0,12,-1
0,4,0,12,-1
0,4,0,10,-1
0,4,0,10,-1
0,4,-1,11,-1
0,4,-1,11,-1
0,4,0,10,-1
0,4,0,10,-1
0,4,-1,12,-1
0,4,1,10,-1
0,0,0,10,-1
0,0,0,10,-1
0,0,-1,11,-1
0,0,-1,11,-1
0,4,0,11,-1
0,4,0,11,-1
0,0,0,11,1
0,0,-1,11,1
0,0,-1,10,1
0,0,-1,12,-1
1,4,-1,10,-1
1,4,0,11,-1
1,4,0,11,-1
0,2,0,10,-1
1,0,-1,10,-1
1,0,1,10,-1
1,0,1,10,-1
1,0,-1,10,-1
1,0,-1,10,-1
1,0,1,10,1
1,1,0,12,-1
1,0,1,10,-1
1,0,1,10,-1
0,4,0,10,-1
0,4,0,10,1
1,2,-1,12,-1
1,3,-1,10,-1
1,3,-1,10,-1
1,3,-1,12,-1
1,2,-1,11,-1
1,1,-1,11,1
1,1,-1,12,-1
1,3,-1,10,-1
1,1,-1,10,-1
0,0,-1,11,-1
0,4,-1,10,-1
0,4,1,12,-1
1,4,1,11,-1
0,3,0,10,-1
0,4,0,10,1
0,4,-1,10,1
0,4,0,10,1
0,3,0,10,-1
1,3,0,10,-1
1,4,0,10,-1
1,4,0,10,-1
1,2,0,10,-1
0,1,0,10,-1
1,4,-1,10,1
1,1,0,10,-1
1,4,-1,11,1
0,2,0,10,-1
0,3,0,10,1
0,0,-1,11,-1
0,0,-1,11,-1
0,4,0,10,-1
1,4,0,10,-1
1,4,0,10,-1
1,4,0,10,-1
1,4,0,10,-1
0,4,0,10,-1
0,4,0,10,-1
0,4,0,10,-1
0,4,0,10,-1
1,3,0,10,-1
1,3,0,10,-1
0,4,0,10,-1
0,4,0,10,-1
1,4,-1,10,-1
0,4,0,10,-1
0,4,0,10,-1
0,4,0,10,-1
0,4,0,10,-1
0,4,0,10,-1
0,4,0,10,-1
0,4,0,10,-1
0,4,0,10,-1
0,4,0,10,-1
0,4,0,10,-1
0,4,0,12,1
0,4,0,12,-1
0,4,0,12,-1
0,2,1,11,-1
0,4,0,12,1
1,0,1,11,1
0,4,0,10,-1
0,4,0,10,-1
0,4,0,10,-1
0,4,0,10,-1
0,4,-1,11,-1
0,4,0,11,1
0,4,0,11,1
0,4,0,11,1
0,4,0,10,1
0,4,0,10,-1
0,4,0,10,-1
0,4,0,10,-1
0,4,0,10,-1
0,4,0,10,-1
0,4,0,11,-1
0,4,1,11,-1
0,3,0,10,-1
0,3,0,10,-1
0,3,0,10,-1
0,3,1,10,-1
0,3,-1,11,-1
0,4,-1,11,-1
0,4,-1,11,-1
0,4,-1,12,-1
0,4,0,10,-1
0,4,0,10,-1
0,4,0,10,-1
0,4,1,10,-1
0,4,0,11,-1
0,4,-1,11,-1
0,4,0,11,-1
0,4,-1,11,-1
0,4,0,10,-1
0,4,0,10,-1
0,4,0,10,-1
0,4,-1,12,-1
0,4,0,10,-1
0,4,-1,11,-1
0,4,0,10,-1
0,4,0,10,-1
0,4,0,10,-1
0,4,0,10,-1
0,4,0,10,-1
0,4,0,10,-1
0,4,0,10,-1
0,4,0,10,-1
0,4,0,11,-1
0,4,0,10,-1
0,4,0,10,-1
0,4,0,10,-1
0,4,1,10,-1
0,4,0,10,-1
0,4,0,10,-1
0,4,0,10,-1
0,4,0,10,-1
0,4,0,10,-1
0,4,0,10,-1
0,4,0,10,-1
0,4,-1,10,-1
0,4,0,10,-1
0,4,0,10,-1
0,4,0,10,-1
0,4,0,10,-1
0,4,0,10,-1
0,4,-1,11,-1
0,4,1,11,-1
0,4,0,12,1
0,4,0,10,-1
0,4,0,10,-1
0,4,0,10,-1
0,4,1,11,-1
0,4,1,11,-1
0,4,0,10,-1
0,4,0,10,-1
0,4,0,10,-1
0,4,0,10,-1
0,4,0,10,-1
0,4,1,10,-1
0,4,1,10,-1
0,4,0,12,1
0,4,0,10,-1
0,4,0,10,-1
0,4,0,10,-1
0,4,1,10,-1
0,4,1,10,-1
0,4,-1,10,-1
0,4,-1,10,-1
0,4,0,10,-1
0,4,0,10,-1
0,4,0,12,-1
0,4,0,10,-1
0,4,0,10,-1
0,4,0,10,-1
0,4,0,12,-1
0,4,0,10,-1
0,4,0,10,-1
0,4,0,10,-1
0,4,0,10,-1
0,4,0,10,-1
0,0,1,10,-1
0,4,-1,10,-1
0,0,0,12,1
0,4,-1,10,-1
0,4,1,10,-1
0,4,-1,12,1
0,4,-1,10,-1
0,4,0,10,-1
0,4,0,10,-1
0,3,1,10,-1
0,4,-1,10,-1
1,4,1,10,-1
0,4,-1,10,-1
1,3,0,12,1
0,4,-1,10,1
0,4,0,10,1
0,4,-1,10,1
0,4,0,10,1
0,4,-1,10,1
0,4,0,10,1
0,4,0,10,1
0,4,-1,10,1
0,4,0,10,1
0,0,-1,10,-1
0,4,-1,11,-1
0,4,-1,11,-1
0,4,0,12,-1
0,4,1,12,-1
0,4,0,12,-1
0,4,0,12,-1
0,4,1,12,-1
0,4,1,12,-1
0,4,1,12,-1
0,4,1,12,-1
0,4,0,11,-1
0,4,0,11,-1
0,4,0,12,-1
0,4,-1,12,-1
0,4,-1,12,-1
0,4,0,12,-1
0,4,0,10,-1
0,4,0,10,-1
0,4,1,10,-1
0,4,-1,10,-1
0,4,-1,10,-1
0,4,-1,10,1
0,4,-1,10,-1
0,4,-1,10,-1
0,4,-1,10,-1
0,4,-1,12,1
0,4,0,12,-1
0,4,0,11,-1
0,4,-1,12,-1
0,4,-1,12,-1
0,4,-1,10,-1
0,4,0,10,-1
0,4,0,10,-1
0,4,0,10,-1
0,4,1,10,-1
0,4,-1,10,-1
0,4,0,10,-1
0,4,0,10,1
0,4,0,10,-1
0,4,1,10,-1
0,4,1,10,-1
0,4,0,10,-1
0,4,1,10,-1
0,4,-1,10,-1
0,4,0,10,-1
0,4,-1,10,-1
0,4,0,11,-1
0,4,1,12,-1
0,4,0,12,-1
0,4,1,12,1
0,4,1,12,-1
0,4,-1,12,-1
0,4,-1,12,-1
0,4,-1,11,1
0,4,-1,12,1
0,4,0,10,-1
0,4,0,10,-1
0,4,-1,11,-1
0,4,1,10,-1
0,4,1,10,-1
0,4,0,10,-1
0,4,1,10,-1
0,4,1,10,-1
0,4,0,10,1
0,4,0,10,-1
0,4,1,10,-1
0,4,0,11,-1
0,4,0,10,-1
0,4,0,10,-1
0,4,0,12,1
0,4,1,12,-1
0,4,0,12,-1
0,4,0,12,-1
0,4,1,12,-1
0,4,1,12,-1
0,4,-1,12,-1
0,4,0,12,-1
1,4,0,10,-1
1,1,0,10,-1
1,0,0,10,-1
1,0,1,10,-1
0,0,1,10,-1
0,0,-1,12,-1
1,3,1,11,-1
1,3,1,11,-1
1,4,0,10,-1
1,4,0,12,1
1,3,0,12,-1
0,4,0,12,-1
1,4,-1,10,1
1,4,-1,10,-1
1,4,0,10,1
0,4,-1,11,1
0,4,0,11,1
0,4,-1,11,1
0,4,-1,11,1
0,4,0,11,1
0,4,0,10,-1
0,4,1,10,-1
0,4,0,11,-1
1,3,0,10,-1
1,3,0,10,-1
1,3,1,10,-1
1,3,1,10,-1
1,3,-1,10,1
1,0,0,11,1
0,3,-1,10,-1
0,3,0,10,-1
0,4,-1,12,1
0,3,-1,12,1
0,3,0,12,1
0,3,0,12,-1
0,3,-1,12,-1
1,4,-1,10,-1
0,1,1,10,-1
0,4,0,10,-1
0,4,0,10,-1
1,4,1,10,-1
1,0,0,10,-1
1,0,-1,11,-1
0,4,0,12,-1
1,3,0,12,-1
0,3,-1,10,1
0,4,0,10,-1
0,4,0,10,-1
0,4,0,10,-1
0,4,1,10,-1
0,4,0,10,-1
0,4,0,10,-1
0,4,0,10,-1
0,4,0,10,1
0,4,-1,10,-1
0,4,-1,10,-1
0,4,0,10,-1
0,4,0,10,-1
0,4,0,10,-1
0,4,-1,10,-1
0,4,0,10,-1
0,4,0,10,-1
0,4,0,10,-1
0,4,0,10,-1
0,4,0,10,-1
0,4,0,10,-1
0,4,-1,10,-1
0,4,-1,10,-1
0,4,0,10,-1
0,4,-1,10,-1
0,4,0,10,-1
0,4,0,10,-1
0,4,-1,10,-1
0,4,0,10,-1
0,4,0,10,-1
0,4,0,10,-1
0,4,0,10,-1
0,4,-1,12,1
0,3,-1,11,1
0,4,0,11,1
0,0,0,10,-1
0,0,0,10,-1
0,0,1,10,-1
0,0,1,10,-1
0,4,-1,11,-1
0,4,0,10,-1
0,4,-1,10,-1
0,4,0,11,-1
0,4,-1,10,1
0,0,0,10,-1
0,0,0,10,1
0,0,1,10,1
0,0,0,10,1
0,0,0,11,-1
0,0,0,11,-1
0,0,1,11,-1
0,0,0,11,-1
0,0,1,11,1
0,0,1,11,1
0,0,0,12,-1
0,0,0,12,-1
0,0,1,12,-1
0,0,0,12,-1
0,0,0,11,1
0,4,-1,10,-1
0,0,0,12,-1
0,0,0,12,-1
0,0,1,12,-1
0,0,1,12,-1
0,0,0,12,-1
0,0,0,12,-1
0,0,1,12,-1
0,0,0,12,-1
0,0,1,10,-1
0,0,0,10,-1
1,0,-1,11,1
1,0,0,11,-1
1,0,-1,11,1
1,0,-1,11,1
1,0,-1,11,1
1,0,0,11,-1
1,0,0,11,-1
1,0,-1,11,1
1,4,-1,11,1
1,0,0,10,1
0,4,-1,11,-1
1,2,0,10,-1
1,3,-1,10,-1
1,3,-1,10,-1
0,4,0,10,-1
0,4,0,12,-1
1,4,0,10,-1
0,4,-1,11,1
0,4,0,12,-1
0,0,-1,10,-1
0,4,0,10,-1
0,4,1,10,-1
0,4,1,10,-1
0,4,0,10,-1
0,4,0,10,-1
0,4,0,10,-1
0,4,1,10,-1
0,4,1,10,-1
0,4,0,10,-1
0,4,0,10,-1
0,4,-1,10,1
0,4,-1,10,1
0,4,-1,10,1
0,4,0,12,1
0,4,0,10,-1
0,4,-1,11,-1
0,2,0,10,-1
0,4,0,12,1
0,4,0,11,-1
0,4,0,10,-1
0,4,0,10,-1
0,4,-1,11,-1
0,4,0,11,-1
0,4,-1,10,1
0,4,-1,10,1
0,4,-1,10,1
0,4,0,11,-1
0,4,0,10,-1
0,4,0,12,-1
0,4,-1,11,1
0,4,-1,11,1
0,4,0,10,-1
0,4,0,12,-1
0,4,0,11,-1
0,4,1,10,-1
0,4,0,12,-1
0,4,0,10,-1
0,4,-1,11,-1
0,4,-1,11,-1
0,4,0,11,-1
0,4,-1,11,-1
0,4,-1,11,-1
0,4,0,11,-1
0,4,-1,11,-1
0,4,0,11,-1
0,4,0,11,-1
0,4,0,11,-1
0,4,-1,11,-1
0,4,-1,10,1
0,4,0,10,1
0,4,0,10,1
0,4,0,10,1
0,4,0,10,1
0,4,0,10,1
0,4,0,10,1
0,4,0,10,1
0,4,1,10,-1
0,4,1,10,-1
0,4,0,10,-1
0,4,1,10,-1
0,4,0,10,1
0,4,0,10,1
0,4,1,10,-1
0,4,0,10,-1
0,4,1,10,-1
0,4,1,10,-1
0,4,0,10,1
0,4,1,10,-1
0,4,-1,12,1
0,4,-1,12,1
0,4,-1,10,-1
0,4,-1,10,1
0,4,-1,11,1
0,4,0,11,1
0,4,0,10,-1
0,4,0,10,1
0,4,0,10,1
0,4,0,10,-1
0,4,-1,12,1
0,4,0,12,1
0,4,-1,12,-1
0,4,-1,11,1
0,4,-1,12,1
0,4,0,12,1
0,4,0,12,1
0,4,-1,12,1
0,4,-1,12,1
0,4,0,12,1
0,4,0,12,1
0,4,0,12,1
0,4,-1,12,1
0,4,-1,10,1
0,4,0,10,-1
0,4,1,12,1
0,4,-1,10,-1
1,1,1,12,1
1,1,0,12,1
0,4,0,10,-1
0,4,1,10,-1
0,0,0,10,-1
0,0,1,10,1
0,0,1,10,-1
0,0,0,10,1
0,4,0,10,1
0,0,1,10,1
1,2,0,11,1
0,0,0,11,1
0,4,0,10,1
0,2,0,10,-1
0,1,-1,11,1
0,2,0,12,-1
0,2,0,10,1
0,2,0,10,1
0,2,0,10,1
1,4,-1,10,-1
0,2,0,11,-1
1,4,0,10,-1
1,4,0,10,-1
1,4,1,10,-1
1,4,0,10,-1
1,4,0,12,-1
1,3,0,12,-1
0,2,0,10,-1
0,2,0,10,-1
1,4,-1,11,1
1,4,-1,11,1
1,4,0,11,1
1,2,0,12,-1
0,2,0,12,1
1,2,0,12,-1
0,4,0,10,-1
0,4,-1,10,-1
0,4,1,10,-1
1,2,-1,12,-1
1,2,-1,12,-1
1,2,-1,12,1
1,2,0,12,1
1,2,-1,12,-1
1,2,0,12,-1
1,2,0,12,1
1,2,-1,12,-1
1,2,-1,12,-1
1,2,0,12,-1
