,s,a,b,c,d,e,PDB_CHAIN,WILD_RES,POSITION,MUTANT_RES,PH,TEMPERATURE,EXP_DDG,class,predicted2,predicted1
0,1,0,0,0,0,0,A,H,1,A,7.0,25.0,0.5,1,-1,-1
1,1,1,1,1,1,1,1AJ3A,I,14,A,7.0,25.0,-3.6,-1,-1,-1
2,2,2,2,2,2,2,1AJ3A,E,16,A,7.0,25.0,0.1,1,1,1
3,3,3,3,3,3,3,1AJ3A,K,17,A,7.0,25.0,-0.0,1,-1,-1
4,4,4,4,4,4,4,1AJ3A,V,21,A,7.0,25.0,-0.2,-1,-1,-1
5,5,5,5,5,5,5,1AJ3A,T,31,A,7.0,25.0,0.3,1,-1,-1
6,6,6,6,6,6,6,1AJ3A,V,33,A,7.0,25.0,-0.4,-1,-1,-1
7,7,7,7,7,7,7,1AJ3A,N,35,G,7.0,25.0,-0.4,-1,-1,-1
8,8,8,8,8,8,8,1AJ3A,L,36,A,7.0,25.0,-0.2,-1,-1,-1
9,9,9,9,9,9,9,1AJ3A,K,38,A,7.0,25.0,0.4,1,-1,-1
10,10,10,10,10,10,10,1AJ3A,K,38,G,7.0,25.0,-0.5,-1,1,1
11,11,11,11,11,11,11,1AJ3A,I,75,A,7.0,25.0,-2.0,-1,-1,-1
12,12,12,12,12,12,12,1AJ3A,Q,77,A,7.0,25.0,-0.0,1,1,1
13,13,13,13,13,13,13,1AJ3A,Q,77,G,7.0,25.0,-1.3,-1,-1,-1
14,14,14,14,14,14,14,1AJ3A,L,79,A,7.0,25.0,-2.8,-1,-1,-1
15,15,15,15,15,15,15,1AJ3A,D,84,A,7.0,25.0,0.7,1,1,1
16,16,16,16,16,16,16,1AJ3A,D,84,G,7.0,25.0,-0.3,-1,1,1
17,17,17,17,17,17,17,1AJ3A,K,87,A,7.0,25.0,-0.4,-1,-1,-1
18,18,18,18,18,18,18,1AJ3A,K,87,G,7.0,25.0,-1.3,-1,1,1
19,19,19,19,19,19,19,1AJ3A,L,89,A,7.0,25.0,-3.8,-1,-1,-1
20,20,20,20,20,20,20,1AKYA,Q,46,E,7.7,25.0,-0.96,-1,-1,-1
21,21,21,21,21,21,21,1APSA,I,74,V,5.5,28.0,-1.41,-1,-1,-1
22,22,22,22,22,22,22,1BNIA,K,25,A,6.3,25.0,0.44,1,-1,-1
23,23,23,23,23,23,23,1BNIA,R,57,A,6.3,25.0,0.64,1,-1,-1
24,24,24,24,24,24,24,1BNIA,I,74,T,6.3,25.0,-2.64,-1,-1,-1
25,25,25,25,25,25,25,1BTAA,K,22,Q,8.0,25.0,-0.79,-1,-1,-1
26,26,26,26,26,26,26,1BTAA,K,60,E,8.0,25.0,-1.17,-1,-1,-1
27,27,27,27,27,27,27,1BTAA,R,75,L,8.0,25.0,0.75,1,-1,-1
28,28,28,28,28,28,28,1BVCA,H,24,V,7.0,0.0,-0.52,-1,1,1
29,29,29,29,29,29,29,1BVCA,H,48,Q,7.0,0.0,-0.62,-1,-1,-1
30,30,30,30,30,30,30,1BVCA,H,119,F,7.0,0.0,-0.68,-1,-1,-1
31,31,31,31,31,31,31,1C9OA,E,12,K,7.0,75.0,-0.32,-1,1,1
32,32,32,32,32,32,32,1C9OA,E,21,A,7.0,70.0,-0.29,-1,1,1
33,33,33,33,33,33,33,1C9OA,F,38,W,7.0,25.0,0.24,1,1,1
34,34,34,34,34,34,34,1C9OA,E,50,K,7.0,75.0,-0.58,-1,1,1
35,35,35,35,35,35,35,1C9OA,R,56,E,7.0,75.0,0.69,1,1,1
36,36,36,36,36,36,36,1CEYA,D,11,A,7.0,25.0,2.5,1,1,1
37,37,37,37,37,37,37,1CEYA,F,13,N,7.5,25.0,2.64,1,-1,-1
38,38,38,38,38,38,38,1CEYA,D,56,A,7.0,25.0,3.3,1,1,1
39,39,39,39,39,39,39,1CEYA,A,76,G,8.0,25.0,-0.31,-1,-1,-1
40,40,40,40,40,40,40,1CEYA,A,79,G,8.0,25.0,0.43,1,-1,-1
41,41,41,41,41,41,41,1CEYA,A,87,G,8.0,25.0,0.04,1,-1,-1
42,42,42,42,42,42,42,1CEYA,A,98,G,8.0,25.0,-0.48,-1,-1,-1
43,43,43,43,43,43,43,1CSEI,V,54,A,7.0,25.0,-1.58,-1,-1,-1
44,44,44,44,44,44,44,1CSPA,E,3,Q,7.5,55.0,1.14,1,1,1
45,45,45,45,45,45,45,1CSPA,E,43,S,7.0,70.0,0.29,1,1,1
46,46,46,46,46,46,46,1CSPA,S,48,R,7.0,70.0,1.58,1,1,1
47,47,47,47,47,47,47,1CSPA,R,56,Q,7.5,55.0,0.28,1,1,1
48,48,48,48,48,48,48,1CUNA,Q,109,G,7.0,25.0,-1.15,-1,-1,-1
49,49,49,49,49,49,49,1CUNA,A,120,G,7.0,25.0,-1.65,-1,-1,-1
50,50,50,50,50,50,50,1CUNA,I,126,A,7.0,25.0,-1.65,-1,-1,-1
51,51,51,51,51,51,51,1CUNA,I,126,V,7.0,25.0,-2.85,-1,-1,-1
52,52,52,52,52,52,52,1CUNA,K,146,A,7.0,25.0,-0.15,-1,1,1
53,53,53,53,53,53,53,1CUNA,K,146,G,7.0,25.0,-1.45,-1,1,1
54,54,54,54,54,54,54,1CUNA,A,150,G,7.0,25.0,-1.45,-1,-1,-1
55,55,55,55,55,55,55,1CUNA,F,151,L,7.0,25.0,-1.85,-1,-1,-1
56,56,56,56,56,56,56,1CUNA,A,167,G,7.0,25.0,-1.95,-1,-1,-1
57,57,57,57,57,57,57,1CUNA,A,185,G,7.0,25.0,-1.35,-1,-1,-1
58,58,58,58,58,58,58,1CUNA,M,187,A,7.0,25.0,-2.65,-1,-1,-1
59,59,59,59,59,59,59,1CUNA,L,190,A,7.0,25.0,-4.55,-1,-1,-1
60,60,60,60,60,60,60,1CUNA,S,195,A,7.0,25.0,0.15,1,1,1
61,61,61,61,61,61,61,1CUNA,S,195,G,7.0,25.0,-0.95,-1,1,1
62,62,62,62,62,62,62,1CUNA,L,197,A,7.0,25.0,-4.05,-1,-1,-1
63,63,63,63,63,63,63,1CUNA,A,206,G,7.0,25.0,-1.45,-1,-1,-1
64,64,64,64,64,64,64,1CUNA,L,208,A,7.0,25.0,-3.65,-1,-1,-1
65,65,65,65,65,65,65,1DKTA,S,5,A,7.5,10.0,-0.43,-1,1,1
66,66,66,66,66,66,66,1DKTA,K,7,A,7.5,10.0,0.62,1,-1,-1
67,67,67,67,67,67,67,1DKTA,S,35,A,7.5,10.0,-0.6,-1,1,1
68,68,68,68,68,68,68,1DKTA,V,51,A,7.5,10.0,-0.73,-1,-1,-1
69,69,69,69,69,69,69,1DKTA,M,54,L,7.5,10.0,-0.23,-1,1,1
70,70,70,70,70,70,70,1DKTA,R,67,A,7.5,10.0,-0.59,-1,-1,-1
71,71,71,71,71,71,71,1E65A,I,7,S,7.3,26.5,-3.44,-1,-1,-1
72,72,72,72,72,72,72,1E65A,I,20,T,7.0,25.0,-2.39,-1,-1,-1
73,73,73,73,73,73,73,1E65A,V,31,T,7.0,25.0,-1.08,-1,-1,-1
74,74,74,74,74,74,74,1E65A,L,50,V,7.0,25.0,-0.36,-1,-1,-1
75,75,75,75,75,75,75,1E65A,V,60,G,7.0,25.0,-3.11,-1,-1,-1
76,76,76,76,76,76,76,1E65A,A,82,G,7.0,25.0,-3.11,-1,-1,-1
77,77,77,77,77,77,77,1E65A,V,95,T,7.0,25.0,0.96,1,-1,-1
78,78,78,78,78,78,78,1E65A,H,117,G,7.0,20.0,-2.18,-1,-1,-1
79,79,79,79,79,79,79,1EY0A,L,2,V,7.0,20.0,-1.15,-1,-1,-1
80,80,80,80,80,80,80,1EY0A,K,4,F,7.0,20.0,-1.03,-1,1,1
81,81,81,81,81,81,81,1EY0A,T,8,C,7.0,20.0,-1.2,-1,1,1
82,82,82,82,82,82,82,1EY0A,L,9,V,7.0,20.0,-1.63,-1,1,1
83,83,83,83,83,83,83,1EY0A,I,10,M,7.0,20.0,-0.15,-1,-1,-1
84,84,84,84,84,84,84,1EY0A,D,14,F,7.0,20.0,-1.28,-1,1,1
85,85,85,85,85,85,85,1EY0A,D,16,K,7.0,20.0,1.1,1,1,1
86,86,86,86,86,86,86,1EY0A,T,17,I,7.0,20.0,-0.61,-1,1,1
87,87,87,87,87,87,87,1EY0A,V,18,I,7.0,20.0,0.03,1,1,1
88,88,88,88,88,88,88,1EY0A,V,18,L,7.0,20.0,-0.02,-1,-1,-1
89,89,89,89,89,89,89,1EY0A,K,19,F,7.0,20.0,-0.4,-1,1,1
90,90,90,90,90,90,90,1EY0A,Y,22,C,7.0,20.0,-2.72,-1,-1,-1
91,91,91,91,91,91,91,1EY0A,G,24,V,7.0,20.0,-3.11,-1,-1,-1
92,92,92,92,92,92,92,1EY0A,T,28,C,7.0,20.0,-1.04,-1,1,1
93,93,93,93,93,93,93,1EY0A,L,31,V,7.0,20.0,-3.58,-1,1,1
94,94,94,94,94,94,94,1EY0A,L,32,I,7.0,20.0,-1.82,-1,-1,-1
95,95,95,95,95,95,95,1EY0A,V,34,I,7.0,20.0,0.11,1,1,1
96,96,96,96,96,96,96,1EY0A,V,34,L,7.0,20.0,-0.9,-1,-1,-1
97,97,97,97,97,97,97,1EY0A,T,36,I,7.0,20.0,0.86,1,1,1
98,98,98,98,98,98,98,1EY0A,T,39,C,7.0,20.0,-0.04,-1,1,1
99,99,99,99,99,99,99,1EY0A,V,46,L,7.0,20.0,-0.1,-1,-1,-1
100,100,100,100,100,100,100,1EY0A,Y,49,F,7.0,20.0,-0.38,-1,1,1
101,101,101,101,101,101,101,1EY0A,G,50,V,7.0,20.0,-1.48,-1,1,1
102,102,102,102,102,102,102,1EY0A,K,58,Q,7.0,20.0,-0.89,-1,-1,-1
103,103,103,103,103,103,103,1EY0A,M,60,F,7.0,20.0,-1.62,-1,1,1
104,104,104,104,104,104,104,1EY0A,M,60,I,7.0,20.0,-1.43,-1,1,1
105,105,105,105,105,105,105,1EY0A,V,61,I,7.0,20.0,-0.76,-1,1,1
106,106,106,106,106,106,106,1EY0A,K,65,E,7.0,20.0,-0.3,-1,-1,-1
107,107,107,107,107,107,107,1EY0A,I,67,L,7.0,20.0,-0.23,-1,-1,-1
108,108,108,108,108,108,108,1EY0A,V,68,L,7.0,20.0,-1.12,-1,-1,-1
109,109,109,109,109,109,109,1EY0A,D,72,K,7.0,20.0,-3.28,-1,1,1
110,110,110,110,110,110,110,1EY0A,K,73,Q,7.0,20.0,-0.15,-1,-1,-1
111,111,111,111,111,111,111,1EY0A,T,77,C,7.0,20.0,-0.19,-1,1,1
112,112,112,112,112,112,112,1EY0A,T,77,I,7.0,20.0,0.51,1,1,1
113,113,113,113,113,113,113,1EY0A,K,79,Q,7.0,20.0,-0.15,-1,-1,-1
114,114,114,114,114,114,114,1EY0A,G,81,F,7.0,20.0,-1.99,-1,-1,-1
115,115,115,115,115,115,115,1EY0A,L,84,I,7.0,20.0,-1.04,-1,1,1
116,116,116,116,116,116,116,1EY0A,I,87,M,7.0,20.0,-1.75,-1,-1,-1
117,117,117,117,117,117,117,1EY0A,G,91,F,7.0,20.0,-2.55,-1,-1,-1
118,118,118,118,118,118,118,1EY0A,G,91,V,7.0,20.0,-3.74,-1,-1,-1
119,119,119,119,119,119,119,1EY0A,V,99,I,7.0,20.0,0.27,1,-1,-1
120,120,120,120,120,120,120,1EY0A,R,100,C,7.0,20.0,-2.55,-1,-1,-1
121,121,121,121,121,121,121,1EY0A,L,103,V,7.0,20.0,-3.81,-1,-1,-1
122,122,122,122,122,122,122,1EY0A,V,106,I,7.0,20.0,-0.74,-1,1,1
123,123,123,123,123,123,123,1EY0A,V,106,L,7.0,20.0,-0.88,-1,-1,-1
124,124,124,124,124,124,124,1EY0A,V,109,I,7.0,20.0,-0.15,-1,-1,-1
125,125,125,125,125,125,125,1EY0A,H,119,E,7.0,20.0,0.46,1,1,1
126,126,126,126,126,126,126,1EY0A,L,120,I,7.0,20.0,-0.96,-1,1,1
127,127,127,127,127,127,127,1EY0A,L,132,V,7.0,20.0,-1.42,-1,-1,-1
128,128,128,128,128,128,128,1EY0A,I,134,L,7.0,20.0,-0.09,-1,-1,-1
129,129,129,129,129,129,129,1FTGA,L,5,A,7.0,34.6,-3.11,-1,-1,-1
130,130,130,130,130,130,130,1FTGA,D,64,K,7.0,34.6,-0.1,-1,1,1
131,131,131,131,131,131,131,1FTGA,E,71,K,7.0,37.8,1.41,1,1,1
132,132,132,132,132,132,132,1FTGA,D,74,K,7.0,37.8,1.03,1,-1,-1
133,133,133,133,133,133,133,1FTGA,A,83,G,7.0,34.6,-1.9,-1,-1,-1
134,134,134,134,134,134,134,1FTGA,N,96,A,7.0,34.6,-0.58,-1,-1,-1
135,135,135,135,135,135,135,1FTGA,Q,98,A,7.0,34.6,1.59,1,-1,-1
136,136,136,136,136,136,136,1FTGA,S,109,A,7.0,34.6,-0.73,-1,-1,-1
137,137,137,137,137,137,137,1FTGA,D,125,K,7.0,37.8,0.81,1,1,1
138,138,138,138,138,138,138,1FTGA,I,155,V,7.0,34.6,-3.16,-1,-1,-1
139,139,139,139,139,139,139,1FTGA,V,159,A,7.0,34.6,-2.07,-1,-1,-1
140,140,140,140,140,140,140,1G4IA,F,22,I,8.0,30.0,1.43,1,-1,-1
141,141,141,141,141,141,141,1G4IA,F,22,Y,8.0,30.0,0.83,1,-1,-1
142,142,142,142,142,142,142,1G4IA,H,48,A,8.0,30.0,-1.93,-1,-1,-1
143,143,143,143,143,143,143,1G4IA,H,48,Q,8.0,30.0,-0.49,-1,-1,-1
144,144,144,144,144,144,144,1G4IA,F,106,A,8.0,25.0,-1.23,-1,-1,-1
145,145,145,145,145,145,145,1H7MA,D,4,A,7.4,25.0,-0.53,-1,1,1
146,146,146,146,146,146,146,1H7MA,K,11,A,7.4,25.0,-0.29,-1,-1,-1
147,147,147,147,147,147,147,1H7MA,K,35,A,7.4,25.0,0.12,1,-1,-1
148,148,148,148,148,148,148,1H7MA,K,48,A,7.4,25.0,-1.1,-1,-1,-1
149,149,149,149,149,149,149,1H7MA,E,49,A,7.4,25.0,-0.05,-1,1,1
150,150,150,150,150,150,150,1H7MA,R,56,A,7.4,25.0,-0.26,-1,-1,-1
151,151,151,151,151,151,151,1H7MA,E,66,A,7.4,25.0,-0.26,-1,1,1
152,152,152,152,152,152,152,1H7MA,D,89,A,7.4,25.0,-1.36,-1,1,1
153,153,153,153,153,153,153,1HFZA,H,33,Y,7.4,56.2,0.07,1,-1,-1
154,154,154,154,154,154,154,1HFZA,I,60,W,7.4,56.2,-0.93,-1,1,1
155,155,155,155,155,155,155,1HFZA,H,108,W,7.4,56.2,-1.72,-1,1,1
156,156,156,156,156,156,156,1HFZA,H,108,Y,7.4,56.2,-0.19,-1,-1,-1
157,157,157,157,157,157,157,1HFZA,L,111,E,7.4,56.2,-0.19,-1,-1,-1
158,158,158,158,158,158,158,1HFZA,K,115,E,7.4,56.2,-0.65,-1,-1,-1
159,159,159,159,159,159,159,1HMEA,G,35,H,7.0,20.0,-0.33,-1,-1,-1
160,160,160,160,160,160,160,1HMKA,V,9,A,7.0,25.0,-0.83,-1,-1,-1
161,161,161,161,161,161,161,1HMKA,L,13,A,7.0,25.0,-2.73,-1,-1,-1
162,162,162,162,162,162,162,1HMKA,V,28,A,7.0,25.0,-1.24,-1,-1,-1
163,163,163,163,163,163,163,1HMKA,T,30,V,7.0,25.0,2.26,1,1,1
164,164,164,164,164,164,164,1HMKA,I,56,V,7.0,25.0,-2.72,-1,-1,-1
165,165,165,165,165,165,165,1HMKA,W,61,A,7.0,25.0,-2.01,-1,-1,-1
166,166,166,166,166,166,166,1HMKA,I,90,V,7.0,25.0,-0.86,-1,-1,-1
167,167,167,167,167,167,167,1HMKA,I,96,V,7.0,25.0,-1.72,-1,-1,-1
168,168,168,168,168,168,168,1HMKA,L,97,A,7.0,25.0,-1.75,-1,-1,-1
169,169,169,169,169,169,169,1HMKA,Y,104,F,7.0,25.0,-2.13,-1,1,1
170,170,170,170,170,170,170,1HMKA,L,111,A,7.0,25.0,-0.35,-1,-1,-1
171,171,171,171,171,171,171,1HMSA,F,4,S,8.0,37.0,-3.67,-1,-1,-1
172,172,172,172,172,172,172,1HMSA,F,16,S,8.0,37.0,-3.98,-1,-1,-1
173,173,173,173,173,173,173,1HMSA,T,40,E,8.0,25.0,-2.4,-1,-1,-1
174,174,174,174,174,174,174,1HMSA,F,57,S,8.0,25.0,-2.43,-1,-1,-1
175,175,175,175,175,175,175,1HMSA,L,66,G,8.0,37.0,-3.67,-1,-1,-1
176,176,176,176,176,176,176,1HMSA,R,106,T,8.0,25.0,-2.84,-1,-1,-1
177,177,177,177,177,177,177,1IETA,D,60,R,7.2,25.0,0.14,1,1,1
178,178,178,178,178,178,178,1IFCA,W,7,Y,7.0,25.0,-0.87,-1,1,1
179,179,179,179,179,179,179,1IFCA,V,61,C,8.1,20.0,-0.07,-1,-1,-1
180,180,180,180,180,180,180,1IFCA,V,61,N,7.0,25.0,-0.83,-1,1,1
181,181,181,181,181,181,181,1IFCA,L,65,G,7.4,20.0,-2.26,-1,-1,-1
182,182,182,182,182,182,182,1IFCA,G,66,A,7.4,20.0,-0.94,-1,-1,-1
183,183,183,183,183,183,183,1IFCA,F,69,A,7.0,25.0,-0.42,-1,-1,-1
184,184,184,184,184,184,184,1IFCA,F,94,A,7.0,25.0,-2.37,-1,-1,-1
185,185,185,185,185,185,185,1IGVA,Y,13,F,7.1,25.0,-1.08,-1,1,1
186,186,186,186,186,186,186,1IGVA,F,66,W,7.0,25.0,-0.93,-1,-1,-1
187,187,187,187,187,187,187,1IGVA,V,70,L,7.0,25.0,-0.13,-1,-1,-1
188,188,188,188,188,188,188,1IHBA,F,33,H,7.5,25.0,-0.66,-1,1,1
189,189,189,189,189,189,189,1IHBA,F,78,Q,7.5,25.0,-0.37,-1,1,1
190,190,190,190,190,190,190,1IMQA,V,19,L,6.0,10.0,-1.82,-1,-1,-1
191,191,191,191,191,191,191,1IMQA,E,31,L,6.0,10.0,-0.67,-1,1,1
192,192,192,192,192,192,192,1IMQA,E,41,V,6.0,10.0,0.89,1,1,1
193,193,193,193,193,193,193,1IROA,V,24,I,9.1,107.0,0.36,1,1,1
194,194,194,194,194,194,194,1IROA,I,33,L,9.1,107.0,0.76,1,-1,-1
195,195,195,195,195,195,195,1JIWI,D,10,A,7.1,25.0,-0.7,-1,1,1
196,196,196,196,196,196,196,1JIWI,W,15,F,7.1,25.0,-2.3,-1,-1,-1
197,197,197,197,197,197,197,1K9QA,L,26,Y,7.0,56.7,0.27,1,-1,-1
198,198,198,198,198,198,198,1KFWA,N,188,K,7.5,16.0,0.81,1,1,1
199,199,199,199,199,199,199,1KFWA,G,396,Q,7.5,16.0,0.62,1,-1,-1
200,200,200,200,200,200,200,1LNIA,T,16,V,7.0,48.4,0.3,1,1,1
201,201,201,201,201,201,201,1LNIA,Y,30,F,7.0,25.0,0.4,1,-1,-1
202,202,202,202,202,202,202,1LNIA,V,43,T,7.0,48.4,-0.5,-1,-1,-1
203,203,203,203,203,203,203,1LNIA,Y,55,F,7.0,25.0,-0.6,-1,1,1
204,204,204,204,204,204,204,1LNIA,T,56,V,7.0,48.4,-1.9,-1,1,1
205,205,205,205,205,205,205,1LNIA,D,79,F,6.8,49.1,2.73,1,1,1
206,206,206,206,206,206,206,1LNIA,D,79,I,7.0,52.6,2.85,1,1,1
207,207,207,207,207,207,207,1LNIA,D,79,K,7.0,52.6,2.35,1,1,1
208,208,208,208,208,208,208,1LNIA,D,79,L,7.0,52.6,2.65,1,1,1
209,209,209,209,209,209,209,1LNIA,D,79,N,6.8,49.1,1.46,1,1,1
210,210,210,210,210,210,210,1LNIA,D,79,Y,7.0,52.6,2.9,1,1,1
211,211,211,211,211,211,211,1LNIA,Y,80,F,7.0,25.0,-1.5,-1,1,1
212,212,212,212,212,212,212,1LNIA,H,85,Q,6.3,51.9,-0.0,1,-1,-1
213,213,213,213,213,213,213,1LNIA,Q,94,K,6.8,47.5,0.56,1,1,1
214,214,214,214,214,214,214,1LZ1A,G,48,A,2.7,64.9,0.45,1,-1,-1
215,215,215,215,215,215,215,1LZ1A,G,105,A,2.7,64.9,-0.62,-1,-1,-1
216,216,216,216,216,216,216,1MGRA,Y,52,F,7.0,25.0,-2.6,-1,-1,-1
217,217,217,217,217,217,217,1MGRA,Y,82,F,7.0,25.0,-1.0,-1,1,1
218,218,218,218,218,218,218,1MJCA,F,19,L,7.0,25.0,-0.31,-1,-1,-1
219,219,219,219,219,219,219,1MJCA,F,19,S,7.0,25.0,-1.16,-1,1,1
220,220,220,220,220,220,220,1MJCA,F,30,S,7.0,25.0,-1.03,-1,1,1
221,221,221,221,221,221,221,1MJCA,S,51,W,7.0,25.0,-0.2,-1,1,1
222,222,222,222,222,222,222,1MSIA,E,26,A,7.0,25.0,-0.09,-1,1,1
223,223,223,223,223,223,223,1MSIA,R,48,A,7.0,25.0,-0.74,-1,-1,-1
224,224,224,224,224,224,224,1MSIA,D,59,N,7.0,25.0,-0.2,-1,-1,-1
225,225,225,225,225,225,225,1OIAA,Y,78,F,7.0,22.0,-0.0,1,-1,-1
226,226,226,226,226,226,226,1OIAA,Y,86,T,7.0,22.0,-2.9,-1,-1,-1
227,227,227,227,227,227,227,1P2PA,H,48,K,7.0,20.0,-2.12,-1,1,1
228,228,228,228,228,228,228,1QLPA,A,9,L,6.5,25.0,0.9,1,1,1
229,229,229,229,229,229,229,1QLPA,V,33,I,6.5,25.0,-0.2,-1,1,1
230,230,230,230,230,230,230,1QLPA,A,48,G,6.5,25.0,1.6,1,-1,-1
231,231,231,231,231,231,231,1QLPA,Y,138,W,7.8,25.0,1.18,1,1,1
232,232,232,232,232,232,232,1QLPA,A,161,I,6.5,25.0,1.8,1,1,1
233,233,233,233,233,233,233,1QLPA,A,161,V,6.5,25.0,3.8,1,1,1
234,234,234,234,234,234,234,1QLPA,W,216,F,7.8,25.0,0.98,1,-1,-1
235,235,235,235,235,235,235,1QLPA,A,226,F,6.5,25.0,1.8,1,1,1
236,236,236,236,236,236,236,1QLPA,A,226,I,6.5,25.0,2.2,1,1,1
237,237,237,237,237,237,237,1QLPA,A,226,L,6.5,25.0,0.35,1,1,1
238,238,238,238,238,238,238,1QLPA,A,226,V,6.5,25.0,2.3,1,1,1
239,239,239,239,239,239,239,1QLPA,A,262,I,6.5,25.0,-0.0,1,1,1
240,240,240,240,240,240,240,1QLPA,A,262,V,6.5,25.0,0.8,1,1,1
241,241,241,241,241,241,241,1QLPA,V,299,I,6.5,25.0,0.6,1,-1,-1
242,242,242,242,242,242,242,1QLPA,S,308,R,7.8,25.0,-2.44,-1,-1,-1
243,243,243,243,243,243,243,1QLPA,K,309,F,7.8,25.0,1.75,1,1,1
244,244,244,244,244,244,244,1QLPA,V,342,L,6.5,25.0,-0.3,-1,1,1
245,245,245,245,245,245,245,1QLPA,M,352,I,6.5,25.0,2.3,1,1,1
246,246,246,246,246,246,246,1QLPA,S,359,A,6.5,25.0,1.0,1,-1,-1
247,247,247,247,247,247,247,1RG8A,C,20,S,6.6,25.0,-2.81,-1,-1,-1
248,248,248,248,248,248,248,1RG8A,L,48,F,7.3,34.5,0.59,1,1,1
249,249,249,249,249,249,249,1RG8A,N,110,G,6.6,24.9,0.16,1,1,1
250,250,250,250,250,250,250,1RG8A,V,113,I,7.3,34.5,-0.05,-1,-1,-1
251,251,251,251,251,251,251,1RISA,I,8,A,8.0,25.0,-3.56,-1,-1,-1
252,252,252,252,252,252,252,1RISA,L,21,A,8.0,25.0,-0.16,-1,-1,-1
253,253,253,253,253,253,253,1RISA,Y,33,A,8.0,25.0,0.41,1,-1,-1
254,254,254,254,254,254,254,1RISA,L,48,A,8.0,25.0,-0.21,-1,-1,-1
255,255,255,255,255,255,255,1RISA,F,60,A,8.0,25.0,-0.81,-1,-1,-1
256,256,256,256,256,256,256,1RISA,L,75,A,8.0,25.0,-1.35,-1,-1,-1
257,257,257,257,257,257,257,1RISA,L,79,A,8.0,25.0,-3.91,-1,-1,-1
258,258,258,258,258,258,258,1RN1C,V,16,T,7.0,25.0,-3.65,-1,-1,-1
259,259,259,259,259,259,259,1RN1C,G,23,A,7.4,25.0,-1.2,-1,-1,-1
260,260,260,260,260,260,260,1RN1C,D,49,A,6.3,37.3,0.5,1,1,1
261,261,261,261,261,261,261,1RN1C,V,78,S,7.0,25.0,-4.73,-1,-1,-1
262,262,262,262,262,262,262,1RN1C,V,78,T,7.0,25.0,-3.59,-1,-1,-1
263,263,263,263,263,263,263,1RTBA,A,5,S,7.1,62.0,-0.27,-1,-1,-1
264,264,264,264,264,264,264,1RTBA,F,46,V,6.0,24.9,-4.55,-1,-1,-1
265,265,265,265,265,265,265,1RTBA,V,57,A,5.0,40.0,-2.85,-1,-1,-1
266,266,266,266,266,266,266,1RTBA,V,57,L,5.0,40.0,-2.37,-1,-1,-1
267,267,267,267,267,267,267,1RTBA,V,63,A,5.0,40.0,-2.03,-1,-1,-1
268,268,268,268,268,268,268,1RTP1,K,80,S,7.4,45.8,-0.29,-1,1,1
269,269,269,269,269,269,269,1SHFA,E,24,F,8.0,25.0,-1.63,-1,-1,-1
270,270,270,270,270,270,270,1SHFA,E,24,H,8.0,25.0,-0.99,-1,1,1
271,271,271,271,271,271,271,1SHFA,E,24,K,8.0,25.0,-0.97,-1,1,1
272,272,272,272,272,272,272,1SHFA,E,24,L,8.0,25.0,-3.02,-1,1,1
273,273,273,273,273,273,273,1SHFA,E,24,Y,8.0,25.0,-2.4,-1,1,1
274,274,274,274,274,274,274,1SHFA,I,28,A,7.0,25.0,-2.84,-1,-1,-1
275,275,275,275,275,275,275,1SHFA,I,28,L,7.0,25.0,-0.71,-1,-1,-1
276,276,276,276,276,276,276,1SHFA,S,41,D,8.0,25.0,-2.02,-1,-1,-1
277,277,277,277,277,277,277,1SHFA,S,41,F,8.0,25.0,-1.9,-1,1,1
278,278,278,278,278,278,278,1SHFA,S,41,G,8.0,25.0,-1.68,-1,1,1
279,279,279,279,279,279,279,1SHFA,S,41,H,8.0,25.0,-1.25,-1,-1,-1
280,280,280,280,280,280,280,1SHFA,S,41,L,8.0,25.0,-0.37,-1,1,1
281,281,281,281,281,281,281,1SHFA,S,41,N,8.0,25.0,-0.73,-1,-1,-1
282,282,282,282,282,282,282,1SHFA,G,45,A,8.0,25.0,-1.78,-1,-1,-1
283,283,283,283,283,283,283,1SHFA,V,55,M,7.0,25.0,-0.52,-1,-1,-1
284,284,284,284,284,284,284,1TITA,L,60,A,7.4,25.0,-4.88,-1,-1,-1
285,285,285,285,285,285,285,1TITA,C,63,S,7.3,25.0,-2.08,-1,-1,-1
286,286,286,286,286,286,286,1TITA,V,86,A,7.4,25.0,-4.45,-1,-1,-1
287,287,287,287,287,287,287,1TTQA,F,22,L,7.8,25.0,-1.05,-1,-1,-1
288,288,288,288,288,288,288,1TTQA,F,22,V,7.8,25.0,-3.44,-1,-1,-1
289,289,289,289,289,289,289,1UZCA,E,25,A,5.7,9.9,-0.62,-1,1,1
290,290,290,290,290,290,290,1UZCA,Q,36,G,5.7,9.9,-1.57,-1,-1,-1
291,291,291,291,291,291,291,1UZCA,I,42,V,5.7,9.9,-0.3,-1,-1,-1
292,292,292,292,292,292,292,1UZCA,A,59,G,5.7,9.9,-2.07,-1,-1,-1
293,293,293,293,293,293,293,1YYJA,L,3,A,5.0,25.0,-1.6,-1,-1,-1
294,294,294,294,294,294,294,1YYJA,A,20,G,5.0,25.0,-1.97,-1,-1,-1
295,295,295,295,295,295,295,1YYJA,F,61,A,5.0,25.0,-4.52,-1,-1,-1
296,296,296,296,296,296,296,1YYJA,F,65,A,5.0,25.0,-1.92,-1,-1,-1
297,297,297,297,297,297,297,1YYJA,Y,105,A,5.0,25.0,-2.36,-1,-1,-1
298,298,298,298,298,298,298,1ZG4A,W,265,F,7.0,25.0,-0.83,-1,-1,-1
299,299,299,299,299,299,299,1ZNJB,H,10,E,8.0,25.0,1.11,1,1,1
300,300,300,300,300,300,300,1ZNJB,H,10,T,8.0,25.0,0.03,1,-1,-1
301,301,301,301,301,301,301,1ZNJB,F,25,D,8.0,25.0,0.48,1,-1,-1
302,302,302,302,302,302,302,2A01A,L,141,R,7.4,25.0,-0.65,-1,-1,-1
303,303,303,303,303,303,303,2A36A,T,22,A,6.0,25.0,0.4,1,1,1
304,304,304,304,304,304,304,2A36A,T,22,F,6.0,25.0,1.3,1,1,1
305,305,305,305,305,305,305,2A36A,T,22,L,6.0,25.0,0.5,1,1,1
306,306,306,306,306,306,306,2A36A,T,22,N,6.0,25.0,1.3,1,1,1
307,307,307,307,307,307,307,2DRIA,V,50,E,7.7,25.0,-3.5,-1,-1,-1
308,308,308,308,308,308,308,2IMMA,A,15,L,7.4,20.0,1.36,1,-1,-1
309,309,309,309,309,309,309,2IMMA,M,21,L,7.4,20.0,-0.31,-1,1,1
310,310,310,310,310,310,310,2IMMA,K,24,R,7.4,20.0,-0.17,-1,-1,-1
311,311,311,311,311,311,311,2IMMA,Q,79,E,7.4,20.0,-0.41,-1,-1,-1
312,312,312,312,312,312,312,2IMMA,L,106,I,7.4,20.0,0.36,1,-1,1
313,313,313,313,313,313,313,2LZMA,G,51,D,7.0,22.0,-2.63,-1,-1,-1
314,314,314,314,314,314,314,2LZMA,I,58,Y,7.0,22.0,-3.11,-1,-1,-1
315,315,315,315,315,315,315,2LZMA,A,146,I,7.0,22.0,-4.31,-1,-1,-1
316,316,316,316,316,316,316,2LZMA,F,153,C,7.0,22.0,-3.11,-1,-1,-1
317,317,317,317,317,317,317,2NVHA,R,4,Q,6.5,25.0,-0.57,-1,-1,-1
318,318,318,318,318,318,318,2NVHA,N,7,D,6.5,25.0,0.09,1,-1,-1
319,319,319,319,319,319,319,2NVHA,C,8,S,6.5,25.0,-3.74,-1,1,1
320,320,320,320,320,320,320,2RN2A,H,62,A,6.4,25.0,0.44,1,-1,-1
321,321,321,321,321,321,321,2RN2A,H,83,A,6.4,25.0,0.07,1,1,1
322,322,322,322,322,322,322,2TRXA,D,26,I,7.0,25.0,3.37,1,1,1
323,323,323,323,323,323,323,2TRXA,T,66,L,7.0,25.0,-1.03,-1,1,1
324,324,324,324,324,324,324,3GLYA,G,138,A,4.5,30.0,-1.4,-1,-1,-1
325,325,325,325,325,325,325,3GLYA,G,382,A,4.5,30.0,0.11,1,-1,-1
326,326,326,326,326,326,326,3MBPA,W,10,A,7.6,25.0,-4.31,-1,-1,-1
327,327,327,327,327,327,327,3PGKA,Y,49,W,7.5,25.0,-1.62,-1,1,1
328,328,328,328,328,328,328,3PGKA,Y,123,W,7.5,25.0,-2.19,-1,1,1
329,329,329,329,329,329,329,3PGKA,F,195,W,7.5,25.0,-1.12,-1,-1,-1
330,330,330,330,330,330,330,3PGKA,H,389,Q,6.5,25.0,-0.84,-1,1,1
331,331,331,331,331,331,331,3SILA,A,50,L,7.0,25.0,0.9,1,1,1
332,332,332,332,332,332,332,4LYZA,E,35,A,4.6,35.0,1.24,1,1,1
333,333,333,333,333,333,333,5DFRA,I,2,V,7.8,15.0,-0.55,-1,-1,-1
334,334,334,334,334,334,334,5DFRA,W,30,M,7.8,15.0,-1.94,-1,-1,-1
335,335,335,335,335,335,335,5DFRA,V,40,H,7.8,15.0,-2.76,-1,-1,-1
336,336,336,336,336,336,336,5DFRA,N,59,T,7.8,15.0,-0.05,-1,1,1
337,337,337,337,337,337,337,5DFRA,N,59,W,7.8,15.0,-0.79,-1,1,1
338,338,338,338,338,338,338,5DFRA,G,67,S,7.0,15.0,-0.27,-1,-1,-1
339,339,339,339,339,339,339,5DFRA,G,67,T,7.0,15.0,-0.62,-1,-1,-1
340,340,340,340,340,340,340,5DFRA,G,95,A,7.8,15.0,-0.9,-1,1,1
341,341,341,341,341,341,341,5DFRA,G,121,C,7.0,15.0,-0.22,-1,-1,-1
342,342,342,342,342,342,342,5DFRA,G,121,H,7.0,15.0,-0.56,-1,-1,-1
343,343,343,343,343,343,343,5DFRA,I,155,T,7.8,15.0,-2.53,-1,-1,-1
344,344,344,344,344,344,344,5PTIA,A,16,T,8.7,25.0,-1.7,-1,-1,-1
345,345,345,345,345,345,345,5PTIA,A,16,V,8.7,25.0,-1.3,-1,-1,-1
346,346,346,346,346,346,346,5PTIA,Y,35,D,8.7,25.0,-3.8,-1,-1,-1
