0,none,correlation,conservation,polaritychange,chargechange,hydroindexchange,secondarystruc,asa,sizechange,class
0,0,0,4,-1,0,5.0,1,12,-1,1
1,1,0,4,0,0,-2.7,2,10,-1,-1
2,2,0,4,-1,1,5.3,2,11,-1,1
3,3,0,4,-1,-1,5.7,2,10,-1,1
4,4,0,4,0,0,-2.4,2,10,-1,-1
5,5,0,4,-1,0,2.5,2,11,-1,1
6,6,0,4,0,0,-2.4,2,12,-1,-1
7,7,0,4,-1,0,3.1,2,10,-1,-1
8,8,0,4,0,0,-2.0,2,11,-1,-1
9,9,0,4,-1,-1,5.7,2,11,-1,1
10,10,0,4,-1,-1,3.5,2,11,-1,-1
11,11,0,4,0,0,-2.7,2,10,-1,-1
12,12,0,4,-1,0,5.3,2,12,-1,1
13,13,0,4,-1,0,3.1,2,12,-1,-1
14,14,0,4,0,0,-2.0,2,10,-1,-1
15,15,0,4,-1,1,5.3,2,11,-1,1
16,16,0,4,-1,1,3.1,2,11,-1,-1
17,17,0,4,-1,-1,5.7,2,11,-1,-1
18,18,0,4,-1,-1,3.5,2,11,-1,-1
19,19,0,4,0,0,-2.0,2,10,-1,-1
20,20,1,0,0,-1,0.0,2,12,0,-1
21,21,0,0,0,0,-0.3,1,12,0,-1
22,22,0,4,-1,-1,5.7,2,11,-1,1
23,23,0,4,-1,-1,6.3,1,11,-1,1
24,24,0,4,1,0,-5.2,1,10,0,-1
25,25,1,0,0,-1,0.4,2,12,0,-1
26,26,1,2,0,-1,0.4,2,11,0,-1
27,27,1,0,-1,-1,8.3,2,12,-1,1
28,28,0,4,-1,0,7.4,2,10,0,-1
29,29,0,4,0,0,-0.3,1,12,0,-1
30,30,0,4,-1,0,6.0,1,10,1,-1
31,31,0,4,0,1,-0.4,1,12,0,-1
32,32,0,4,-1,1,5.3,1,12,-1,-1
33,33,0,3,0,0,-3.7,1,12,1,1
34,34,0,4,0,1,-0.4,3,10,0,-1
35,35,0,4,0,-1,1.0,1,12,-1,1
36,36,0,4,-1,1,5.3,1,10,-1,1
37,37,0,4,1,0,-6.3,1,11,-1,1
38,38,0,4,-1,1,5.3,1,10,-1,1
39,39,1,3,0,0,-2.2,1,12,0,-1
40,40,1,3,0,0,-2.2,1,12,0,1
41,41,0,4,0,0,-2.2,1,11,0,1
42,42,0,4,0,0,-2.2,2,12,0,-1
43,43,1,0,0,0,-2.4,3,10,-1,-1
44,44,1,0,0,1,0.0,3,11,0,1
45,45,0,4,0,1,2.7,1,12,-1,1
46,46,1,3,0,1,-3.7,3,11,1,1
47,47,0,4,0,-1,1.0,1,12,-1,1
48,48,0,4,-1,0,3.1,2,10,-1,-1
49,49,0,4,0,0,-2.2,2,10,0,-1
50,50,0,0,0,0,-2.7,2,10,-1,-1
51,51,0,0,0,0,-0.3,2,10,0,-1
52,52,0,4,-1,-1,5.7,2,12,-1,-1
53,53,0,4,-1,-1,3.5,2,12,-1,-1
54,54,0,4,0,0,-2.2,2,11,0,-1
55,55,0,4,0,0,1.0,2,10,-1,-1
56,56,0,4,0,0,-2.2,2,11,0,-1
57,57,0,4,0,0,-2.2,2,12,0,-1
58,58,0,4,0,0,-0.1,2,10,-1,-1
59,59,0,4,0,0,-2.0,2,10,-1,-1
60,60,0,4,-1,0,2.6,2,11,0,1
61,61,0,4,-1,0,0.4,2,11,0,-1
62,62,0,4,0,0,-2.0,2,10,-1,-1
63,63,0,4,0,0,-2.2,2,11,0,-1
64,64,0,0,0,0,-2.0,2,10,-1,-1
65,65,0,4,-1,0,2.6,3,10,0,-1
66,66,0,4,-1,-1,5.7,1,11,-1,1
67,67,0,1,-1,0,2.6,1,11,0,-1
68,68,1,0,0,0,-2.4,3,11,-1,-1
69,69,0,0,0,0,1.9,3,12,0,-1
70,70,0,0,-1,-1,6.3,3,10,-1,-1
71,71,1,2,1,0,-5.3,3,10,-1,-1
72,72,0,4,1,0,-5.2,3,10,0,-1
73,73,0,4,1,0,-4.9,3,10,0,-1
74,74,0,4,0,0,0.4,3,10,0,-1
75,75,1,3,0,0,-4.6,2,10,-1,-1
76,76,0,4,0,0,-2.2,3,10,0,-1
77,77,0,4,1,0,-4.9,3,10,0,1
78,78,0,4,-1,0,2.8,1,10,-1,-1
79,79,0,4,0,0,0.4,1,11,0,-1
80,80,0,4,-1,-1,6.7,3,11,1,-1
81,81,0,0,-1,0,3.2,3,12,0,-1
82,82,0,0,0,0,0.4,3,11,0,-1
83,83,0,0,0,0,-2.6,3,11,0,-1
84,84,0,0,-1,1,6.3,1,10,1,-1
85,85,0,4,0,1,-0.4,1,10,0,1
86,86,0,0,-1,0,5.2,3,10,0,-1
87,87,0,0,0,0,0.3,3,10,0,1
88,88,0,0,0,0,-0.4,3,10,0,-1
89,89,0,0,-1,-1,6.7,3,11,1,-1
90,90,0,0,-1,0,3.8,3,10,-1,-1
91,91,0,0,0,0,4.6,1,12,1,-1
92,92,0,0,-1,0,3.2,3,11,0,-1
93,93,0,0,0,0,0.4,3,10,0,-1
94,94,0,0,0,0,0.7,1,10,0,-1
95,95,0,0,0,0,0.3,3,10,0,1
96,96,0,0,0,0,-0.4,3,10,0,-1
97,97,0,0,-1,0,5.2,1,10,0,1
98,98,0,0,-1,0,3.2,1,11,0,-1
99,99,0,0,0,0,-0.4,1,12,0,-1
100,100,0,0,-1,0,4.1,1,10,0,-1
101,101,0,4,0,0,4.6,2,10,1,-1
102,102,0,0,0,-1,0.4,2,11,0,-1
103,103,0,0,0,0,0.9,2,10,1,-1
104,104,0,0,0,0,2.6,2,10,0,-1
105,105,0,0,0,0,0.3,2,10,0,-1
106,106,0,0,0,-1,0.4,1,12,0,-1
107,107,0,0,0,0,-0.7,3,10,0,-1
108,108,0,0,0,0,-0.4,1,12,0,-1
109,109,0,0,0,1,-0.4,1,10,0,-1
110,110,0,0,0,-1,0.4,1,12,0,-1
111,111,0,0,-1,0,3.2,3,12,0,-1
112,112,0,0,-1,0,5.2,3,12,0,1
113,113,0,0,0,-1,0.4,1,12,0,-1
114,114,0,0,0,0,3.2,1,12,1,-1
115,115,0,0,0,0,0.7,3,10,0,-1
116,116,0,0,0,0,-2.6,3,10,0,-1
117,117,0,0,0,0,3.2,1,12,1,-1
118,118,0,0,0,0,4.6,1,12,1,-1
119,119,0,4,0,0,0.3,2,10,0,1
120,120,0,0,-1,-1,7.0,2,11,-1,-1
121,121,0,4,0,0,0.4,1,10,0,-1
122,122,0,0,0,0,0.3,3,10,0,-1
123,123,0,0,0,0,-0.4,3,10,0,-1
124,124,0,0,0,0,0.3,1,11,0,-1
125,125,0,0,0,-1,-0.3,2,12,0,1
126,126,0,0,0,0,0.7,2,10,0,-1
127,127,0,0,0,0,0.4,1,11,0,-1
128,128,0,0,0,0,-0.7,2,11,0,-1
129,129,0,4,0,0,-2.0,3,10,-1,-1
130,130,0,4,0,1,-0.4,2,11,0,-1
131,131,1,3,0,1,-0.4,1,11,0,1
132,132,1,1,0,1,-0.4,2,12,0,1
133,133,0,4,0,0,-2.2,3,10,0,-1
134,134,1,3,-1,0,5.3,1,10,-1,-1
135,135,1,4,-1,0,5.3,1,10,-1,1
136,136,1,3,-1,0,2.6,2,11,0,-1
137,137,1,3,0,1,-0.4,1,12,0,1
138,138,1,4,0,0,-0.3,2,10,0,-1
139,139,1,4,0,0,-2.4,2,10,-1,-1
140,140,1,2,0,0,1.7,1,10,-1,1
141,141,1,2,1,0,-4.1,1,10,0,1
142,142,0,4,-1,0,5.0,2,10,-1,-1
143,143,0,4,0,0,-0.3,2,10,0,-1
144,144,0,4,0,0,-1.0,2,10,-1,-1
145,145,1,3,-1,1,5.3,1,12,-1,-1
146,146,1,1,-1,-1,5.7,2,11,-1,-1
147,147,0,4,-1,-1,5.7,1,12,-1,1
148,148,1,2,-1,-1,5.7,2,10,-1,-1
149,149,1,2,-1,1,5.3,2,12,-1,-1
150,150,1,0,-1,-1,6.3,2,12,-1,-1
151,151,1,2,-1,1,5.3,1,12,-1,-1
152,152,1,3,-1,1,5.3,3,12,-1,-1
153,153,0,4,0,0,1.9,2,11,1,1
154,154,1,1,0,0,-5.4,1,10,1,-1
155,155,1,3,-1,0,2.3,2,12,1,-1
156,156,1,3,0,0,1.9,2,12,1,-1
157,157,1,3,1,-1,-7.3,1,10,0,-1
158,158,1,3,0,-1,0.4,2,11,0,-1
159,159,0,4,1,0,-2.8,2,11,1,-1
160,160,1,1,0,0,-2.4,2,10,-1,-1
161,161,0,4,0,0,-2.0,1,10,-1,-1
162,162,1,1,0,0,-2.4,2,10,-1,-1
163,163,1,3,-1,0,4.9,2,10,0,1
164,164,0,4,0,0,-0.3,3,10,0,-1
165,165,0,4,0,0,2.7,1,10,-1,-1
166,166,1,3,0,0,-0.3,2,10,0,-1
167,167,0,4,0,0,-0.3,2,10,0,-1
168,168,1,4,0,0,-2.0,2,10,-1,-1
169,169,1,4,-1,0,4.1,2,11,0,-1
170,170,1,3,0,0,-2.0,1,11,-1,-1
171,171,0,4,1,0,-3.6,2,10,-1,-1
172,172,0,4,1,0,-3.6,2,10,-1,-1
173,173,0,4,0,-1,-2.8,3,10,0,-1
174,174,0,4,1,0,-3.6,1,11,-1,-1
175,175,0,4,0,0,-4.2,1,11,-1,-1
176,176,0,4,0,-1,3.8,3,10,-1,-1
177,177,0,0,0,1,-1.0,1,12,1,1
178,178,0,4,1,0,-0.4,3,11,-1,-1
179,179,1,0,0,0,-1.7,3,11,0,-1
180,180,1,0,1,0,-7.7,3,11,0,-1
181,181,0,4,0,0,-4.2,1,12,-1,-1
182,182,0,4,0,0,2.2,1,11,0,-1
183,183,0,4,0,0,-1.0,3,12,-1,-1
184,184,0,4,0,0,-1.0,3,12,-1,-1
185,185,0,4,-1,0,4.1,2,10,0,-1
186,186,0,4,0,0,-3.7,2,10,1,-1
187,187,1,4,0,0,-0.4,2,10,0,-1
188,188,0,0,1,0,-6.0,1,12,-1,-1
189,189,0,0,1,0,-6.3,1,11,-1,-1
190,190,1,3,0,0,-0.4,2,10,0,-1
191,191,1,2,-1,1,7.3,2,12,0,-1
192,192,1,4,-1,1,7.7,2,11,0,1
193,193,0,2,0,0,0.3,3,10,0,1
194,194,1,3,0,0,-0.7,1,10,0,1
195,195,1,0,-1,1,5.3,2,11,-1,-1
196,196,0,4,0,0,3.7,3,10,-1,-1
197,197,0,4,1,0,-5.1,3,10,1,1
198,198,1,0,0,1,-0.4,1,12,0,1
199,199,1,3,1,0,-3.1,1,11,1,1
200,200,1,0,-1,0,4.9,2,11,0,1
201,201,0,4,-1,0,4.1,1,11,0,1
202,202,1,3,1,0,-4.9,1,10,0,-1
203,203,0,4,-1,0,4.1,3,10,0,-1
204,204,0,4,-1,0,4.9,3,10,0,-1
205,205,0,4,-1,1,6.3,3,10,1,1
206,206,0,4,-1,1,8.0,3,10,0,1
207,207,0,4,0,1,-0.4,3,10,0,1
208,208,0,4,-1,1,7.3,3,10,0,1
209,209,0,4,0,1,0.0,3,10,0,1
210,210,0,4,0,1,2.2,3,10,1,1
211,211,0,4,-1,0,4.1,3,10,0,-1
212,212,0,4,0,0,-0.3,1,12,0,1
213,213,1,0,0,1,-0.4,1,11,0,1
214,214,0,4,0,0,2.2,1,12,0,1
215,215,0,4,0,0,2.2,2,10,0,-1
216,216,0,4,-1,0,4.1,1,10,0,-1
217,217,0,4,-1,0,4.1,3,10,0,-1
218,218,0,4,0,0,1.0,3,11,-1,-1
219,219,0,4,1,0,-3.6,3,11,-1,-1
220,220,0,4,1,0,-3.6,3,11,-1,-1
221,221,1,2,-1,0,-0.1,3,10,1,-1
222,222,1,1,-1,1,5.3,3,11,-1,-1
223,223,1,1,-1,-1,6.3,1,11,-1,-1
224,224,1,2,0,1,0.0,2,12,0,-1
225,225,0,4,-1,0,4.1,1,10,0,1
226,226,0,4,0,0,0.6,3,10,-1,-1
227,227,0,4,0,1,-0.7,2,10,0,-1
228,228,1,0,0,0,2.0,2,10,1,1
229,229,0,0,0,0,0.3,2,10,0,-1
230,230,1,0,0,0,-2.2,2,12,0,1
231,231,0,4,-1,0,0.4,2,10,1,1
232,232,0,0,0,0,2.7,3,10,1,1
233,233,0,0,0,0,2.4,3,10,1,1
234,234,0,0,0,0,3.7,3,10,-1,1
235,235,0,0,0,0,1.0,3,10,1,1
236,236,0,0,0,0,2.7,3,10,1,1
237,237,0,0,0,0,2.0,3,10,1,1
238,238,0,0,0,0,2.4,3,10,1,1
239,239,1,0,0,0,2.7,3,10,1,1
240,240,1,0,0,0,2.4,3,10,1,1
241,241,1,0,0,0,0.3,1,10,0,1
242,242,0,0,0,1,-3.7,1,10,1,-1
243,243,0,0,-1,-1,6.7,3,10,1,1
244,244,1,0,0,0,-0.4,3,10,0,-1
245,245,1,0,0,0,2.6,3,10,0,1
246,246,1,4,-1,0,2.6,1,10,0,1
247,247,0,0,1,0,-3.3,1,10,-1,-1
248,248,0,0,0,0,-1.0,3,12,1,1
249,249,0,0,-1,0,3.1,1,10,-1,1
250,250,0,0,0,0,0.3,1,12,0,-1
251,251,1,0,0,0,-2.7,3,10,-1,-1
252,252,1,0,0,0,-2.0,2,12,-1,-1
253,253,1,0,-1,0,3.1,1,10,-1,1
254,254,0,4,0,0,-2.0,3,10,-1,-1
255,255,0,0,0,0,-1.0,3,10,-1,-1
256,256,1,2,0,0,-2.0,2,10,-1,-1
257,257,1,2,0,0,-2.0,2,10,-1,-1
258,258,1,3,1,0,-4.9,2,10,0,-1
259,259,0,4,0,0,2.2,2,10,0,-1
260,260,1,3,-1,1,5.3,1,10,-1,1
261,261,0,4,1,0,-5.0,3,10,-1,-1
262,262,0,4,1,0,-4.9,3,10,0,-1
263,263,0,4,1,0,-2.6,2,11,0,-1
264,264,0,4,0,0,1.4,3,10,-1,-1
265,265,0,4,0,0,-2.4,2,10,-1,-1
266,266,0,4,0,0,-0.4,2,10,0,-1
267,267,0,3,0,0,-2.4,3,11,-1,-1
268,268,0,4,0,-1,3.1,2,12,-1,-1
269,269,0,4,-1,1,6.3,1,10,1,-1
270,270,0,4,0,1,0.3,1,10,0,-1
271,271,0,4,0,1,-0.4,1,10,0,-1
272,272,0,4,-1,1,7.3,1,10,0,-1
273,273,0,4,0,1,2.2,1,10,1,-1
274,274,0,4,0,0,-2.7,1,10,-1,-1
275,275,0,4,0,0,-0.7,1,10,0,-1
276,276,0,4,0,-1,-2.7,3,10,1,-1
277,277,0,4,-1,0,3.6,3,10,1,-1
278,278,0,4,-1,0,0.4,3,10,0,-1
279,279,0,4,0,0,-2.4,3,10,1,-1
280,280,0,4,-1,0,4.6,3,10,1,-1
281,281,0,4,0,0,-2.7,3,10,1,-1
282,282,0,4,0,0,2.2,1,11,0,-1
283,283,0,4,0,0,-2.3,3,10,0,-1
284,284,0,0,0,0,-2.0,3,10,-1,-1
285,285,0,0,1,0,-3.3,1,10,-1,-1
286,286,0,0,0,0,-2.4,3,10,-1,-1
287,287,0,4,0,0,1.0,2,10,-1,-1
288,288,0,4,0,0,1.4,2,10,-1,-1
289,289,0,4,-1,1,5.3,2,12,-1,-1
290,290,0,4,-1,0,3.1,2,12,-1,-1
291,291,0,4,0,0,-0.3,2,11,0,-1
292,292,0,4,0,0,-2.2,2,10,0,-1
293,293,0,4,0,0,-2.0,2,11,-1,-1
294,294,0,4,0,0,-2.2,1,10,0,-1
295,295,0,4,0,0,-1.0,2,10,-1,-1
296,296,0,4,0,0,-1.0,2,10,-1,-1
297,297,0,4,-1,0,3.1,1,11,-1,-1
298,298,0,0,0,0,3.7,1,11,-1,-1
299,299,0,4,0,-1,-0.3,2,10,0,1
300,300,0,4,0,0,2.5,2,10,0,1
301,301,0,4,1,-1,-6.3,3,12,-1,1
302,302,0,4,1,1,-8.3,1,12,1,-1
303,303,1,0,-1,0,2.5,1,12,-1,1
304,304,1,0,-1,0,3.5,1,12,1,1
305,305,1,0,-1,0,4.5,1,12,0,1
306,306,1,0,0,0,-2.8,1,12,0,1
307,307,0,4,1,-1,-7.7,2,10,0,-1
308,308,0,3,0,0,2.0,1,12,1,1
309,309,0,4,0,0,1.9,3,10,0,-1
310,310,1,3,0,0,-0.6,3,12,1,-1
311,311,0,0,0,-1,0.0,1,11,0,-1
312,312,1,0,0,0,0.7,3,11,0,1
313,313,0,4,1,-1,-3.1,1,12,1,-1
314,314,0,4,1,0,-5.8,1,10,1,-1
315,315,0,4,0,0,2.7,2,10,1,-1
316,316,0,4,0,0,-0.3,2,10,-1,-1
317,317,1,2,0,-1,1.0,1,12,-1,-1
318,318,1,2,0,-1,0.0,3,11,0,1
319,319,0,4,1,0,-3.3,3,10,-1,-1
320,320,0,4,-1,0,5.0,1,12,-1,1
321,321,0,4,-1,0,5.0,2,12,-1,1
322,322,0,4,-1,1,8.0,3,10,0,1
323,323,0,4,-1,0,4.5,2,10,0,-1
324,324,1,3,0,0,2.2,2,10,0,-1
325,325,0,4,0,0,2.2,2,10,0,1
326,326,0,4,0,0,2.7,3,10,-1,-1
327,327,0,0,-1,0,0.4,2,11,1,-1
328,328,0,0,-1,0,0.4,1,11,1,-1
329,329,0,0,0,0,-3.7,2,10,1,-1
330,330,0,0,0,0,-0.3,3,10,0,-1
331,331,1,0,0,0,2.0,3,10,1,1
332,332,0,4,-1,1,5.3,2,10,-1,1
333,333,0,4,0,0,-0.3,3,10,0,-1
334,334,0,4,0,0,2.8,2,10,-1,-1
335,335,0,4,1,0,-7.4,3,10,0,-1
336,336,0,4,0,0,2.8,3,10,0,-1
337,337,0,4,-1,0,2.6,3,10,1,-1
338,338,0,4,1,0,-0.4,1,11,0,-1
339,339,0,4,1,0,-0.3,1,11,1,-1
340,340,0,4,0,0,2.2,3,10,0,-1
341,341,0,4,0,0,2.9,1,11,1,-1
342,342,0,4,1,0,-2.8,1,11,1,-1
343,343,0,4,1,0,-5.2,3,10,0,-1
344,344,1,3,1,0,-2.5,1,11,1,-1
345,345,1,3,0,0,2.4,1,11,1,-1
346,346,0,4,0,-1,-2.2,3,10,-1,-1
