,correlation,conservation,polaritychange,chargechange,hydroindexchange,secondarystruc,asa,sizechange,class
1278,0,4,0,0,0.3,2,10,0,1
1200,0,4,-1,0,8.0,2,11,0,1
238,1,4,0,-1,-2.8,3,10,0,1
187,0,4,1,1,-6.3,3,11,1,1
692,0,4,0,0,-0.1,3,10,-1,1
2,0,4,0,-1,0.4,3,11,0,1
1069,0,3,0,1,0.3,1,12,0,1
1194,0,4,-1,0,3.6,2,10,1,1
1242,0,4,-1,0,2.6,3,10,1,1
1052,0,4,0,-1,0.4,2,11,0,1
237,1,4,0,-1,-2.8,3,10,0,1
426,0,4,-1,1,7.7,3,10,0,1
949,0,4,-1,1,5.3,3,10,-1,1
1195,0,4,-1,0,5.3,2,10,1,1
16,1,4,0,0,5.4,1,11,1,1
759,0,0,-1,0,2.6,2,10,0,1
1250,0,4,0,-1,0.4,1,12,0,1
356,0,4,0,0,-0.4,2,10,0,1
1253,0,4,-1,1,5.3,2,12,-1,1
757,0,0,0,0,1.2,1,11,0,1
622,0,1,-1,0,5.1,1,12,-1,1
140,1,4,0,0,-2.4,3,10,-1,1
781,1,1,-1,1,5.3,2,11,-1,1
263,0,4,0,1,-0.4,3,10,0,1
1277,0,0,0,1,2.2,2,11,1,1
1267,1,1,0,0,-3.5,1,12,-1,1
272,0,0,0,1,-0.4,1,11,0,1
1247,0,4,0,0,-0.4,2,10,0,1
1055,0,4,0,-1,3.1,2,11,-1,1
290,0,4,0,1,-0.4,1,12,0,1
1299,0,2,0,-1,1.3,2,12,-1,1
1064,1,0,0,1,-0.4,2,11,0,1
841,0,4,0,1,0.0,1,11,0,1
709,0,0,-1,1,7.7,3,12,0,1
509,0,4,0,0,-0.1,3,10,-1,1
996,0,4,0,0,-0.7,3,10,0,1
430,0,4,0,1,0.3,3,10,0,1
1259,0,4,0,1,0.0,2,12,0,1
710,1,4,0,-1,0.0,3,11,0,1
623,0,1,0,0,-2.2,1,12,-1,1
1226,0,4,0,0,0.7,2,10,1,1
188,0,4,1,0,-5.1,3,11,1,1
159,0,4,0,1,-0.4,1,12,0,1
1160,1,0,0,0,0.9,2,10,1,1
1252,0,4,-1,1,7.7,3,11,0,1
186,0,4,-1,-1,8.1,2,11,0,1
842,0,4,0,1,2.8,1,11,0,1
1134,0,0,1,1,-4.1,2,11,1,1
231,1,4,-1,0,3.2,3,10,0,1
953,0,4,-1,1,8.0,3,10,0,1
33,1,1,-1,0,8.0,2,11,0,1
1256,0,4,-1,1,8.0,2,12,0,1
292,0,4,-1,1,0.0,1,12,0,1
607,1,0,1,-1,-5.4,1,12,0,1
1262,0,4,-1,1,8.0,3,10,0,1
738,0,4,0,1,-0.4,1,10,0,1
1063,1,3,-1,0,0.4,2,10,1,1
240,0,4,0,-1,-2.7,1,10,1,1
830,0,4,0,-1,0.0,1,12,0,1
125,0,4,-1,0,5.3,2,12,-1,1
1051,0,4,-1,-1,5.7,2,11,-1,1
843,0,4,0,1,-0.4,1,11,0,1
1139,0,0,0,-1,-2.8,1,11,0,1
834,0,4,0,0,-1.2,1,12,0,1
657,1,3,-1,1,5.3,2,12,-1,1
677,0,2,0,0,-2.4,2,11,-1,1
161,0,3,0,1,-0.4,1,12,0,1
425,0,4,-1,1,5.3,3,10,-1,1
1296,1,4,-1,1,6.3,1,11,1,1
1295,1,4,-1,1,5.3,1,11,-1,1
261,0,4,0,1,-1.0,3,10,1,1
801,1,4,-1,1,5.3,2,11,-1,1
719,0,4,-1,-1,8.4,1,12,0,1
138,1,4,0,0,-0.3,1,10,0,1
684,0,4,0,0,2.2,2,11,0,1
1182,0,4,-1,1,6.3,2,10,1,1
792,0,4,0,1,0.0,3,10,0,1
1307,1,2,0,-1,0.7,1,12,0,1
179,1,3,-1,0,4.9,2,10,0,1
1159,1,4,-1,0,8.0,2,11,0,1
1225,0,4,0,0,2.4,3,10,1,1
17,0,4,0,1,-1.0,2,12,1,1
245,0,0,0,1,0.3,1,12,0,1
790,0,4,0,1,0.0,3,10,0,1
1283,0,2,0,0,2.0,2,10,1,1
235,1,4,0,0,-2.8,3,10,0,1
1255,0,4,0,1,0.3,2,12,0,1
1068,0,3,-1,1,5.3,1,12,-1,1
1261,0,4,-1,1,7.7,2,12,0,1
268,0,4,-1,1,6.3,3,10,1,1
1222,0,4,0,1,0.0,3,10,0,1
1240,0,4,-1,0,1.6,1,12,-1,1
373,0,4,-1,1,6.3,3,10,1,1
1081,0,3,-1,0,1.6,2,10,-1,1
1297,1,4,0,1,2.8,1,11,-1,1
264,0,4,-1,1,2.6,3,10,1,1
267,0,4,-1,1,5.3,3,10,-1,1
1220,0,4,0,0,0.0,3,10,0,1
619,0,2,0,-1,0.0,1,11,0,1
984,0,4,-1,0,4.1,3,12,0,1
209,0,4,-1,1,7.7,2,12,0,1
1126,0,0,0,0,-0.7,3,10,-1,1
940,0,4,-1,0,5.3,1,12,-1,1
1284,0,2,0,0,2.4,2,10,1,1
708,0,0,-1,1,7.3,3,12,0,1
733,0,4,0,0,0.5,1,10,-1,1
262,0,4,-1,1,7.3,3,10,0,1
1124,0,4,-1,1,2.8,3,10,-1,1
1264,0,4,1,0,0.8,2,12,0,1
1133,0,0,1,-1,-3.1,2,11,1,1
336,0,4,1,1,-8.3,2,12,1,1
1127,0,0,1,0,-3.3,3,10,-1,1
1153,1,0,-1,0,8.0,2,11,0,1
1113,0,4,-1,1,3.1,1,12,-1,1
737,0,4,0,0,2.7,1,12,-1,1
950,0,4,0,0,0.0,3,10,0,1
1168,0,4,-1,-1,5.8,1,11,0,1
915,0,4,0,-1,0.0,2,12,0,1
137,0,4,0,0,0.4,3,10,0,1
234,1,4,0,0,-2.5,3,10,0,1
293,0,4,0,1,-1.0,1,12,1,1
233,1,4,0,0,-2.8,3,10,0,1
206,0,4,-1,1,2.6,2,12,1,1
1310,1,2,0,-1,3.2,1,12,0,1
717,0,3,0,1,-3.7,3,11,1,1
417,1,0,0,0,2.3,3,11,0,1
1244,0,4,0,1,0.0,1,11,0,1
1188,0,4,0,0,-3.4,1,12,0,1
416,1,0,0,0,2.6,3,11,0,1
1115,0,4,0,1,-2.6,3,11,-1,1
259,0,4,0,1,2.2,3,10,1,1
502,0,4,0,-1,-2.7,1,11,1,1
236,1,4,0,1,-3.2,3,10,0,1
1158,1,0,-1,0,7.7,2,11,0,1
758,0,0,-1,0,7.0,2,11,0,1
84,1,0,1,0,-0.4,1,12,0,1
44,1,1,-1,0,2.8,1,12,-1,1
1223,0,4,0,1,2.8,3,10,-1,1
1022,0,4,0,0,-2.4,2,10,-1,1
640,0,0,1,0,-3.3,1,10,-1,1
274,1,2,-1,0,2.6,2,11,0,1
1181,0,4,-1,1,5.3,2,10,-1,1
703,0,4,0,-1,1.0,1,12,-1,1
791,0,4,-1,1,5.3,3,10,-1,1
1274,0,4,0,0,-1.0,2,10,-1,1
625,0,1,-1,0,3.8,1,12,-1,1
1282,0,2,0,0,2.7,2,10,1,1
948,1,3,0,1,-0.4,1,12,0,1
291,0,4,0,1,0.3,1,12,0,1
431,0,4,0,1,0.0,3,10,0,1
1271,0,0,1,0,0.8,2,10,0,1
265,0,4,0,1,0.3,3,10,0,1
690,0,3,0,0,-0.7,2,10,0,1
770,1,0,1,0,-7.0,2,10,0,1
1231,0,4,0,0,2.7,2,10,1,1
205,0,4,-1,1,8.0,2,12,0,1
1054,0,4,-1,-1,5.8,2,11,0,1
6,0,4,0,0,-0.3,3,10,0,1
1,0,4,0,0,2.4,2,10,-1,1
1201,0,4,-1,0,5.4,2,11,0,1
1128,0,0,0,0,1.7,3,10,0,1
232,1,4,-1,0,4.5,3,10,0,1
1258,0,4,0,1,0.0,2,12,0,1
642,0,0,0,0,0.3,3,10,0,1
775,0,4,0,0,0.3,2,10,0,1
606,1,0,1,-1,-5.4,1,12,0,1
902,0,4,0,-1,-2.8,2,12,0,1
1224,0,4,0,0,2.2,3,10,0,1
1155,1,0,-1,0,5.4,2,11,0,1
1053,0,4,-1,-1,3.5,2,11,-1,1
0,0,4,-1,0,7.0,2,10,0,1
1221,0,4,0,1,0.3,3,10,0,1
98,1,1,0,0,-0.6,3,12,1,1
1306,1,2,-1,-1,3.5,1,12,-1,1
955,0,4,0,1,0.0,3,10,0,1
561,0,4,0,-1,-2.8,2,12,0,1
1257,0,4,-1,1,7.3,2,12,0,1
1266,1,1,1,-1,-5.4,1,12,0,1
372,1,0,0,0,0.4,3,11,0,1
739,0,4,0,1,0.0,1,10,0,1
1243,0,4,-1,1,5.3,1,11,-1,1
1008,0,4,1,0,-7.7,1,12,0,1
1114,0,3,-1,0,6.0,3,11,0,1
679,0,4,0,0,3.4,2,12,0,1
207,0,4,-1,1,6.0,2,12,0,1
405,1,3,-1,0,4.9,3,10,0,1
288,0,4,0,0,0.0,1,12,0,1
576,0,4,0,-1,0.0,2,12,0,1
508,0,4,0,1,-0.4,1,12,0,1
715,0,0,0,0,2.0,3,11,1,1
1254,0,4,0,0,0.0,2,12,0,1
507,0,4,0,1,2.8,1,11,-1,1
716,0,3,0,1,-3.1,3,11,1,1
1067,0,4,-1,0,0.4,1,12,1,1
1183,0,4,-1,1,5.4,2,10,0,1
956,0,4,-1,1,2.6,3,10,1,1
1276,1,2,0,1,-1.0,1,11,1,1
937,0,0,0,1,-0.4,1,12,0,1
957,0,4,0,1,2.2,3,10,1,1
844,0,4,0,0,-0.1,3,10,-1,1
141,0,4,0,0,0.4,3,10,0,1
1275,0,0,1,0,-4.1,2,10,0,1
1249,0,4,-1,-1,3.5,1,12,-1,1
1048,1,4,-1,0,3.5,3,10,1,1
190,0,4,0,0,0.3,2,10,0,1
239,1,4,-1,0,0.3,3,10,-1,1
1219,0,4,-1,1,5.3,3,10,-1,1
1273,0,0,0,0,2.0,3,10,1,1
506,0,4,0,1,0.0,1,11,0,1
1184,0,4,0,-1,0.4,3,12,0,1
7,0,4,0,-1,-0.3,3,10,0,1
1280,0,1,-1,0,7.0,1,11,0,1
1012,0,4,-1,0,2.6,3,11,0,1
569,0,4,0,0,1.9,2,10,0,1
139,1,0,0,0,-2.4,3,10,-1,1
191,0,4,0,0,-0.4,2,10,0,1
287,0,4,0,1,0.0,1,12,0,1
228,1,4,-1,1,5.3,1,12,-1,1
980,0,4,-1,0,4.1,1,10,0,1
169,0,1,0,0,0.3,2,10,0,1
1239,0,4,-1,0,5.0,1,12,-1,1
1154,1,0,-1,0,7.3,2,11,0,1
803,0,3,0,0,-0.7,1,10,0,1
565,0,4,-1,0,2.6,2,10,0,1
362,0,0,0,0,4.6,3,10,1,1
1260,0,4,0,1,2.8,2,12,-1,1
82,0,4,0,-1,0.0,1,10,0,1
427,0,4,-1,1,8.0,3,10,0,1
374,1,0,1,0,-5.1,3,11,1,1
281,1,4,-1,0,4.1,3,10,0,1
560,0,4,-1,1,7.7,2,11,0,1
204,0,4,0,1,2.8,2,12,0,1
707,0,0,0,1,-0.4,3,12,0,1
160,0,4,0,1,0.0,3,12,0,1
428,0,4,-1,1,1.9,3,10,-1,1
289,0,4,0,1,2.8,1,12,-1,1
1237,0,4,0,0,2.4,2,10,1,1
5,0,4,0,-1,1.0,3,11,-1,1
799,1,4,-1,1,5.3,3,10,-1,1
157,0,4,0,1,-0.4,1,12,0,1
1196,0,4,-1,0,5.0,2,10,1,1
180,1,3,-1,0,5.2,2,10,0,1
1151,1,0,-1,0,5.3,2,11,-1,1
1246,0,4,0,0,0.3,2,10,0,1
952,0,4,0,1,0.3,3,10,0,1
558,0,4,0,0,1.9,2,11,0,1
1050,1,4,0,0,-0.6,3,10,1,1
599,0,0,-1,0,5.2,2,11,0,1
835,1,0,1,0,-3.1,1,11,1,1
266,0,4,0,1,0.0,3,10,0,1
718,0,1,0,1,-3.8,3,11,1,1
1089,0,4,0,0,0.0,1,10,0,1
728,0,4,0,0,2.7,3,10,-1,1
260,0,4,-1,1,8.0,3,10,0,1
954,0,4,0,1,-0.4,3,10,0,1
1013,0,4,-1,0,2.6,2,12,0,1
376,1,0,0,0,-4.7,3,11,1,1
1028,0,4,0,0,-2.4,2,12,-1,1
1232,0,4,0,0,2.0,2,10,1,1
203,0,4,-1,1,7.3,2,12,0,1
621,1,4,-1,0,7.3,2,11,0,1
951,0,4,-1,1,6.3,3,10,1,1
286,0,4,-1,1,3.1,1,12,-1,1
1045,1,4,0,0,-5.8,1,12,-1,1
624,0,1,0,0,-1.9,1,12,-1,1
107,1,4,0,0,2.2,1,11,0,-1
1130,0,0,0,0,-0.7,2,11,-1,-1
855,0,3,1,0,-2.6,2,10,0,-1
1003,0,4,0,1,0.0,1,10,0,-1
542,0,4,0,1,0.0,1,11,0,-1
346,0,4,0,0,-1.4,3,10,1,-1
357,0,4,0,0,-1.0,3,10,-1,-1
547,0,4,0,0,-2.0,2,10,-1,-1
22,1,3,-1,0,-0.9,1,11,-1,-1
647,1,0,-1,0,2.5,2,12,-1,-1
1109,0,4,0,0,-0.5,3,10,1,-1
704,0,3,1,-1,-7.3,1,12,0,-1
1000,0,4,0,0,-0.3,3,10,0,-1
895,0,4,0,0,-0.1,2,10,-1,-1
637,0,4,0,1,-1.3,3,10,1,-1
1084,0,4,0,0,-2.2,3,10,0,-1
1290,1,4,0,0,-0.3,1,10,0,-1
23,1,3,-1,0,0.3,1,11,-1,-1
126,0,4,-1,0,3.1,2,12,-1,-1
103,0,4,0,0,-1.0,2,10,-1,-1
312,1,3,0,0,-4.6,3,10,-1,-1
1269,0,4,1,0,0.8,2,10,0,-1
849,0,4,0,0,-1.9,3,10,0,-1
927,0,4,0,0,-2.7,3,10,-1,-1
451,0,4,0,0,3.4,1,11,0,-1
667,0,4,0,0,-2.4,2,10,-1,-1
557,0,4,0,0,-0.1,2,11,-1,-1
1101,0,4,0,0,-2.2,3,10,0,-1
10,0,0,1,0,-3.6,1,10,-1,-1
1143,0,0,1,1,-2.9,1,12,1,-1
1062,1,3,1,0,-4.9,2,10,0,-1
348,0,4,0,0,-0.1,3,11,-1,-1
493,1,1,0,-1,0.0,3,10,0,-1
1010,0,4,-1,0,5.0,1,12,-1,-1
74,1,3,0,0,-2.4,1,11,-1,-1
151,0,4,0,0,0.3,3,10,0,-1
1298,1,2,0,0,2.2,1,12,0,-1
1125,0,0,0,0,1.7,2,10,0,-1
1111,0,4,0,0,-2.4,3,10,-1,-1
438,0,4,0,0,-2.0,1,10,-1,-1
1002,0,4,-1,0,2.6,1,10,0,-1
688,0,4,0,0,-2.0,2,10,-1,-1
819,1,4,-1,0,4.1,3,10,0,-1
128,0,4,-1,1,5.3,2,11,-1,-1
762,1,4,0,0,-2.4,3,11,-1,-1
1213,0,4,0,0,-2.5,1,11,0,-1
645,1,3,-1,1,3.1,2,12,-1,-1
935,0,0,1,0,-4.9,1,10,0,-1
1087,0,4,0,0,0.4,1,10,0,-1
671,0,2,0,0,-2.6,2,10,0,-1
156,0,4,0,1,-0.4,3,11,0,-1
359,0,4,-1,1,3.1,1,10,-1,-1
215,0,4,0,0,-1.7,1,12,1,-1
530,0,4,0,0,-2.4,2,10,-1,-1
470,1,4,0,0,-2.0,2,11,-1,-1
857,0,4,-1,0,0.4,2,11,0,-1
201,0,4,1,0,-4.9,2,11,0,-1
783,1,3,-1,1,5.3,2,10,-1,-1
1171,0,4,0,0,-2.7,2,10,-1,-1
699,0,0,-1,-1,8.3,3,12,-1,-1
747,0,4,0,0,-2.4,2,10,-1,-1
123,0,1,-1,1,5.3,2,12,-1,-1
97,0,4,-1,0,4.9,3,10,0,-1
1288,1,4,0,0,-2.6,1,10,0,-1
1033,0,4,1,0,-5.5,2,12,1,-1
828,0,4,0,0,-2.4,3,10,-1,-1
499,0,4,0,0,3.4,1,10,0,-1
543,0,4,0,0,-2.4,2,10,-1,-1
521,0,4,1,0,-2.6,2,11,0,-1
723,0,4,1,0,-5.5,2,11,1,-1
517,0,4,-1,0,0.4,2,11,0,-1
124,0,4,0,0,3.7,2,10,-1,-1
584,0,4,0,0,-0.9,2,10,-1,-1
9,0,0,-1,0,2.5,2,10,-1,-1
278,1,2,0,0,2.4,2,12,1,-1
444,0,4,0,0,-2.2,2,11,-1,-1
1167,1,4,0,0,-0.3,3,10,0,-1
1218,0,4,-1,0,4.9,1,11,0,-1
974,0,4,0,0,2.2,1,12,0,-1
279,1,2,1,-1,-5.3,2,12,1,-1
1210,0,4,0,-1,-2.8,1,11,0,-1
784,1,1,-1,0,5.0,1,10,-1,-1
564,0,4,0,0,-2.4,2,10,-1,-1
421,1,0,1,0,-5.2,3,10,0,-1
1204,0,4,0,0,3.4,2,11,0,-1
633,0,4,0,0,4.6,1,10,1,-1
341,0,4,1,0,-5.5,3,10,1,-1
694,0,4,0,0,2.7,3,11,-1,-1
1091,0,4,-1,1,1.9,1,10,-1,-1
132,1,4,0,0,-0.1,2,10,-1,-1
327,0,4,0,0,-0.4,3,10,0,-1
755,0,4,0,0,0.7,1,11,1,-1
918,0,4,0,0,-2.3,2,10,0,-1
248,0,4,0,0,2.7,1,10,-1,-1
1108,0,4,-1,0,5.0,3,10,1,-1
296,0,4,0,0,-2.0,2,10,-1,-1
1092,0,4,0,1,0.0,1,10,0,-1
632,0,4,0,1,0.3,3,10,0,-1
1233,0,4,1,0,-5.3,2,10,1,-1
925,0,4,0,0,-2.4,3,12,-1,-1
884,0,4,0,0,-1.9,1,10,0,-1
481,1,3,0,0,-4.6,1,10,-1,-1
363,0,0,0,0,-1.0,3,10,1,-1
836,0,4,0,0,-2.0,2,10,-1,-1
571,0,4,0,0,-1.9,2,10,0,-1
641,0,0,0,0,2.7,3,11,-1,-1
1135,0,0,0,0,1.7,2,12,-1,-1
909,0,4,0,0,2.0,2,10,1,-1
385,1,0,-1,1,0.0,1,11,0,-1
213,0,4,0,1,0.3,2,12,0,-1
838,0,4,0,1,0.0,2,10,0,-1
586,0,0,0,0,-2.2,3,11,-1,-1
912,0,4,0,0,-2.7,2,10,1,-1
38,1,1,0,0,2.4,1,12,-1,-1
1169,0,4,0,1,0.0,2,12,0,-1
309,0,4,0,0,-0.4,2,10,0,-1
653,0,3,0,0,-2.7,3,10,-1,-1
297,0,2,1,0,-2.6,2,11,0,-1
112,0,4,-1,0,5.3,3,10,-1,-1
648,0,4,0,0,-0.3,3,10,0,-1
987,0,4,-1,-1,6.3,1,12,-1,-1
1227,0,4,1,-1,-5.3,2,10,1,-1
1004,0,4,-1,0,4.9,1,10,0,-1
314,0,4,0,0,-0.3,3,10,0,-1
882,0,4,0,0,-2.4,2,11,1,-1
79,0,4,-1,1,5.3,3,11,-1,-1
1096,0,4,0,1,2.2,1,10,1,-1
75,1,3,1,0,-4.9,1,11,0,-1
1061,1,3,1,0,-5.0,2,10,-1,-1
1177,0,4,1,0,-5.3,2,10,-1,-1
1036,1,4,0,0,-2.4,1,10,-1,-1
1265,0,4,-1,0,4.9,3,10,0,-1
330,0,4,0,0,3.4,1,12,0,-1
519,0,4,0,0,-2.0,2,10,-1,-1
197,0,4,0,0,-2.4,1,12,-1,-1
1189,0,4,0,-1,1.3,2,11,-1,-1
67,1,3,0,0,-3.4,2,12,0,-1
1170,0,0,-1,0,4.1,1,10,0,-1
136,0,4,0,0,3.4,1,10,0,-1
1165,0,4,0,0,-0.3,2,10,0,-1
756,0,4,0,0,1.0,1,11,1,-1
1138,0,0,0,0,-1.7,1,12,0,-1
41,1,1,0,1,-0.7,1,12,0,-1
774,0,4,0,0,3.4,1,10,0,-1
1105,0,4,-1,0,5.3,3,10,1,-1
901,0,4,1,1,-5.8,2,11,0,-1
412,1,0,0,-1,0.7,3,11,0,-1
214,0,4,-1,1,1.9,2,12,-1,-1
581,0,4,-1,0,3.2,2,10,0,-1
678,0,4,0,0,-2.0,2,10,-1,-1
877,0,4,0,0,-0.3,2,10,0,-1
1140,0,4,-1,-1,3.0,2,10,1,-1
492,0,4,-1,1,5.3,1,10,-1,-1
418,1,0,0,0,-0.1,3,11,-1,-1
313,0,1,0,0,-2.2,1,12,0,-1
875,0,4,0,0,-2.7,2,10,-1,-1
1164,1,3,-1,0,0.4,3,10,0,-1
871,0,4,-1,0,1.9,2,12,-1,-1
495,1,2,0,0,-2.7,3,10,-1,-1
1049,1,4,-1,0,4.9,3,10,0,-1
906,0,4,1,1,-5.8,2,11,0,-1
575,0,4,1,-1,-7.3,2,10,0,-1
378,1,0,0,0,1.3,3,10,0,-1
785,0,0,-1,-1,6.4,1,11,-1,-1
593,0,4,0,1,2.8,2,11,0,-1
100,1,2,0,0,-2.7,1,12,-1,-1
930,0,4,0,0,-0.3,1,10,0,-1
510,0,4,0,0,2.2,3,10,0,-1
52,1,2,-1,1,2.8,2,12,-1,-1
894,0,4,-1,0,5.3,2,10,-1,-1
861,0,4,0,0,-2.6,2,10,0,-1
549,0,4,0,0,-2.6,2,10,0,-1
34,1,1,-1,0,0.3,2,12,-1,-1
19,1,3,0,0,-0.3,1,11,0,-1
1279,0,2,0,0,1.9,2,10,0,-1
1300,1,2,0,0,2.2,1,12,0,-1
806,0,4,0,0,-2.4,3,10,-1,-1
1100,0,4,0,0,5.1,3,10,-1,-1
960,0,4,-1,-1,5.8,1,11,0,-1
61,1,3,0,0,2.7,2,12,1,-1
778,1,3,-1,-1,5.7,3,10,-1,-1
361,0,0,-1,1,3.1,1,10,-1,-1
1065,0,3,-1,0,5.3,1,10,-1,-1
109,1,1,0,0,-2.7,3,11,-1,-1
1078,1,0,-1,0,5.0,1,11,-1,-1
854,0,3,0,0,2.4,2,10,1,-1
899,0,4,0,0,-0.9,2,10,-1,-1
562,0,4,0,0,-1.4,2,10,1,-1
520,0,4,-1,-1,5.7,2,12,-1,-1
676,0,3,-1,0,2.5,1,11,-1,-1
441,1,4,0,0,-2.0,2,11,-1,-1
852,0,3,0,0,2.7,2,10,1,-1
796,1,4,0,0,-2.7,2,10,-1,-1
1148,0,0,0,0,-2.0,1,12,-1,-1
1076,1,4,1,0,-5.0,3,10,-1,-1
993,0,4,1,0,-5.2,1,10,0,-1
765,1,0,-1,0,3.1,2,10,-1,-1
574,0,4,1,0,-2.6,2,10,0,-1
706,1,0,0,0,3.7,2,10,-1,-1
597,0,0,0,0,-2.2,2,10,0,-1
938,0,4,-1,1,5.3,1,10,-1,-1
1030,0,4,0,0,-1.4,2,12,1,-1
700,0,4,0,-1,-0.3,3,11,0,-1
13,0,4,0,0,3.7,2,11,-1,-1
601,0,4,0,0,-4.6,3,10,-1,-1
797,1,2,0,0,-2.0,2,10,-1,-1
741,0,4,0,0,2.9,1,12,1,-1
1057,0,4,1,0,-0.4,3,10,-1,-1
578,0,4,0,0,-4.6,2,10,-1,-1
603,0,4,0,0,0.3,3,10,0,-1
916,0,4,0,0,-1.7,2,10,0,-1
970,0,4,0,0,2.2,1,11,0,-1
831,0,4,0,0,1.2,1,12,0,-1
650,0,4,0,0,2.2,3,10,0,-1
183,1,2,-1,0,2.5,3,10,-1,-1
443,1,4,0,0,-2.2,2,11,-1,-1
87,0,4,-1,1,5.3,3,10,-1,-1
70,0,4,1,0,-0.4,1,11,0,-1
767,1,0,1,0,-2.6,2,10,0,-1
382,1,2,0,0,-2.3,3,10,0,-1
365,0,0,0,0,0.5,3,10,-1,-1
992,0,4,0,0,-2.6,1,10,0,-1
379,1,0,1,0,-3.3,3,10,-1,-1
1059,1,3,0,0,-2.4,2,10,-1,-1
596,0,4,0,0,2.9,2,12,1,-1
66,1,3,0,0,0.7,2,12,1,-1
14,0,4,0,0,0.4,2,10,0,-1
701,0,3,0,1,-0.4,3,11,0,-1
1118,0,0,1,0,-5.0,3,10,-1,-1
634,0,4,0,0,1.0,1,10,-1,-1
54,1,2,0,1,2.7,2,12,-1,-1
284,1,4,-1,0,4.1,1,10,0,-1
977,0,4,1,0,-2.6,2,10,0,-1
119,0,4,-1,0,3.1,1,10,-1,-1
673,0,4,0,0,0.7,2,10,0,-1
735,0,4,0,0,3.7,1,10,-1,-1
1214,0,4,-1,0,5.2,1,11,0,-1
485,1,4,-1,-1,6.3,1,10,-1,-1
11,0,0,1,0,-3.6,2,11,-1,-1
360,0,0,-1,1,5.3,1,10,-1,-1
643,1,3,-1,1,5.3,2,12,-1,-1
478,1,2,0,0,-2.7,3,10,-1,-1
1211,0,4,-1,0,3.5,1,11,1,-1
172,0,4,0,0,-2.0,3,10,-1,-1
171,1,4,0,0,2.0,2,10,1,-1
600,0,4,0,0,-2.4,3,10,-1,-1
525,0,4,0,0,-2.8,1,11,0,-1
568,0,4,0,0,0.7,2,10,0,-1
664,0,4,0,0,-4.2,1,11,-1,-1
254,0,4,0,1,0.0,3,10,0,-1
886,0,4,1,0,-2.6,2,10,0,-1
68,0,4,1,0,-7.3,1,12,0,-1
343,0,0,0,1,-0.4,3,11,0,-1
230,0,4,-1,-1,5.7,1,10,-1,-1
529,0,4,0,0,-2.0,2,10,-1,-1
18,0,4,0,0,3.4,2,12,0,-1
1077,1,0,0,0,-1.7,3,10,0,-1
514,0,4,1,0,-2.6,2,10,0,-1
216,0,4,0,0,-0.7,1,12,0,-1
15,0,4,0,0,-0.3,1,10,0,-1
256,0,4,-1,0,4.9,3,10,0,-1
969,0,4,0,1,0.0,2,11,0,-1
352,0,4,0,0,-2.2,2,11,0,-1
241,0,4,-1,0,2.6,1,10,0,-1
1044,1,4,0,0,-1.2,1,10,0,-1
